ID,NOMBRE MEDICAMENTO,LABORATORIO,DESCRIPCION,EXISTENCIA INICIAL,UND. MED,PRECIO COMPRA,PRECIO VENTA,DCTO. VENTA,ESTADO
6789,PROPOFOL 0.01,GENERICO,,10,LIQ INH,0.25,1.25,0,ACTIVO
6790,SEVOFLURANO 99.97-100%,GENERICO,,11,LIQ INH,0.25,1.25,0,ACTIVO
6791,TIOPENTAL SÓDICO 1G,GENERICO,,15,INY,0.25,1.25,0,ACTIVO
6792,BUPIVACAÍNA CLORHIDRATO + PRESERVANTE 0.005,GENERICO,,65,GAS,0.25,1.25,0,ACTIVO
6793,BUPIVACAÍNA CLORHIDRATO SIN PRESERVANTE 0.005,GENERICO,,20,GAS,0.25,1.25,0,ACTIVO
6794,BUPIVACAÍNA CLORHIDRATO + GLUCOSA 0.5% + 7.5-8.0%,GENERICO,,15,INY,0.25,1.25,0,ACTIVO
6795,LIDOCAÍNA CLORHIDRATO + EPINEFRINA 2% + 1:80 000,GENERICO,,95,LIQ INH,0.25,1.25,0,ACTIVO
6796,LIDOCAÍNA CLORHIDRATO SIN EPINEFRINA 0.02,GENERICO,,58,INY,0.25,1.25,0,ACTIVO
6797,LIDOCAÍNA CLORHIDRATO 2–4%,GENERICO,,2,INY,0.25,1.25,0,ACTIVO
6798,LIDOCAÍNA CLORHIDRATO SIN PRESERVANTE SIN EPINEFRINA 0.02,GENERICO,,4,INY,0.25,1.25,0,ACTIVO
6799,LIDOCAÍNA CLORHIDRATO + PRESERVANTE SIN EPINEFRINA 0.02,GENERICO,,,INY,0.25,1.25,0,ACTIVO
6800,LIDOCAÍNA CLORHIDRATO + PRESERVANTE + EPINEFRINA 2% + 1:200 000,GENERICO,,52,INY,0.25,1.25,0,ACTIVO
6801,LIDOCAÍNA CLORHIDRATO SIN PRESERVANTE + EPINEFRINA 2% + 1:200 000,GENERICO,,78,INY,0.25,1.25,0,ACTIVO
6802,LIDOCAÍNA CLORHIDRATO SIN PRESERVANTE + GLUCOSA 5% + 7.5%,GENERICO,,5,GEL TOP/JAL TOP,0.25,1.25,0,ACTIVO
6803,LIDOCAÍNA 0.1,GENERICO,,45,INY,0.25,1.25,0,ACTIVO
6804,ETILEFRINA 10MG/ML,GENERICO,,785,INY,0.25,1.25,0,ACTIVO
6805,ATROPINA SULFATO 1MG/ML,GENERICO,,58,INY,0.25,1.25,0,ACTIVO
6806,DIAZEPAM 5MG/ML,GENERICO,,245,INY,0.25,1.25,0,ACTIVO
6807,DIAZEPAM 5MG,GENERICO,,45,INY,0.25,1.25,0,ACTIVO
6808,DIAZEPAM 10MG,GENERICO,,45,AER TOP,0.25,1.25,0,ACTIVO
6809,FENTANILO (COMO CITRATO) 50MCG/ML (0.05MG/ML),GENERICO,,45,INY,0.25,1.25,0,ACTIVO
6810,MIDAZOLAM (COMO CLORHIDRATO) 1MG/ML,GENERICO,,45,INY,0.25,1.25,0,ACTIVO
6811,MIDAZOLAM (COMO CLORHIDRATO) 5MG/ML,GENERICO,,45,INY,0.25,1.25,0,ACTIVO
6812,MORFINA CLORHIDRATO 10MG/ML,GENERICO,,45,TAB,0.25,1.25,0,ACTIVO
6813,ÁCIDO ACETILSALICÍLICO 500MG,GENERICO,,45,TAB,0.25,1.25,0,ACTIVO
6814,DICLOFENACO SÓDICO 25MG/ML,GENERICO,,45,INY,0.25,1.25,0,ACTIVO
6815,IBUPROFENO 100MG/5ML,GENERICO,,45,INY,0.25,1.25,0,ACTIVO
6816,IBUPROFENO 200MG,GENERICO,,45,INY,0.25,1.25,0,ACTIVO
6817,IBUPROFENO 400MG,GENERICO,,45,INY,0.25,1.25,0,ACTIVO
6818,METAMIZOL SÓDICO 500MG/ML,GENERICO,,45,TAB,0.25,1.25,0,ACTIVO
6819,NAPROXENO (COMO BASE O SAL SÓDICA) 250MG,GENERICO,,45,INY,0.25,1.25,0,ACTIVO
6820,NAPROXENO (COMO BASE O SAL SÓDICA) 500MG,GENERICO,,45,LIQ ORAL,0.25,1.25,0,ACTIVO
6821,PARACETAMOL 100MG/ML,GENERICO,,45,TAB,0.25,1.25,0,ACTIVO
6822,PARACETAMOL 120MG/5ML,GENERICO,,45,TAB,0.25,1.25,0,ACTIVO
6823,PARACETAMOL 100-300MG,GENERICO,,45,INY,0.25,1.25,0,ACTIVO
6824,PARACETAMOL 500MG,GENERICO,,45,TAB,0.25,1.25,0,ACTIVO
6825,BUPRENORFINA 35MCG/H,GENERICO,,45,TAB,0.25,1.25,0,ACTIVO
6826,CODEÍNA FOSFATO 10-15MG/5ML,GENERICO,,45,LIQ ORAL,0.25,1.25,0,ACTIVO
6827,CODEÍNA FOSFATO 30MG,GENERICO,,45,LIQ ORAL,0.25,1.25,0,ACTIVO
6828,CODEÍNA FOSFATO 30MG/ML,GENERICO,,45,SUP,0.25,1.25,0,ACTIVO
6829,CODEÍNA FOSFATO 60MG,GENERICO,,45,TAB,0.25,1.25,0,ACTIVO
6830,METADONA (COMO CLORHIDRATO) 10MG,GENERICO,,45,PARCHE TRANS,0.25,1.25,0,ACTIVO
6831,MORFINA CLORHIDRATO 10MG/ML,GENERICO,,45,LIQ ORAL,0.25,1.25,0,ACTIVO
6832,MORFINA CLORHIDRATO 20MG/ML,GENERICO,,45,TAB,0.25,1.25,0,ACTIVO
6833,MORFINA SULFATO 10MG/5ML,GENERICO,,45,INY,0.25,1.25,0,ACTIVO
6834,MORFINA SULFATO 10MG,GENERICO,,45,TAB,0.25,1.25,0,ACTIVO
6835,MORFINA SULFATO 30MG,GENERICO,,45,TAB,0.25,1.25,0,ACTIVO
6836,MORFINA SULFATO 30MG,GENERICO,,45,INY,0.25,1.25,0,ACTIVO
6837,OXICODONA CLORHIDRATO 5MG,GENERICO,,45,INY,0.25,1.25,0,ACTIVO
6838,OXICODONA CLORHIDRATO 10MG,GENERICO,,45,LIQ ORAL,0.25,1.25,0,ACTIVO
6839,OXICODONA CLORHRIDRATO 20MG,GENERICO,,45,TAB,0.25,1.25,0,ACTIVO
6840,PETIDINA CLORHIDRATO 50MG/ML,GENERICO,,45,TAB,0.25,1.25,0,ACTIVO
6841,TRAMADOL CLORHIDRATO 100MG/ML,GENERICO,,45,TAB LIB MODIF,0.25,1.25,0,ACTIVO
6842,TRAMADOL CLORHIDRATO 50MG/ML,GENERICO,,45,TAB,0.25,1.25,0,ACTIVO
6843,TRAMADOL CLORHIDRATO 50MG,GENERICO,,45,TAB LIB MODIF,0.25,1.25,0,ACTIVO
6844,AMITRIPTILINA CLORHIDRATO 25MG,GENERICO,,45,TAB LIB MODIF,0.25,1.25,0,ACTIVO
6845,DEXAMETASONA FOSFATO (COMO SAL SÓDICA) 4MG/ML,GENERICO,,45,INY,0.25,1.25,0,ACTIVO
6846,DEXAMETASONA (COMO BASE O DEXAMETASONA FOSFATO SÓDICO) 2MG/5ML,GENERICO,,45,LIQ ORAL,0.25,1.25,0,ACTIVO
6847,DEXAMETASONA 4MG,GENERICO,,45,INY,0.25,1.25,0,ACTIVO
6848,DIAZEPAM 5MG/ML,GENERICO,,45,TAB,0.25,1.25,0,ACTIVO
6849,DIAZEPAM 5MG,GENERICO,,45,TAB,0.25,1.25,0,ACTIVO
6850,DIAZEPAM 10MG,GENERICO,,45,INY,0.25,1.25,0,ACTIVO
6851,ESCOPOLAMINA BUTILBROMURO 20MG/ML,GENERICO,,45,LIQ ORAL,0.25,1.25,0,ACTIVO
6852,FLUOXETINA (COMO CLORHIDRATO) 20MG,GENERICO,,45,TAB,0.25,1.25,0,ACTIVO
6853,HALOPERIDOL 5MG/ML,GENERICO,,45,INY,0.25,1.25,0,ACTIVO
6854,HALOPERIDOL 2MG/ML,GENERICO,,45,TAB,0.25,1.25,0,ACTIVO
6855,HALOPERIDOL 5MG,GENERICO,,45,TAB,0.25,1.25,0,ACTIVO
6856,LACTULOSA 3.1-3.7G/5ML,GENERICO,,45,INY,0.25,1.25,0,ACTIVO
6857,LOPERAMIDA 2MG,GENERICO,,45,TAB,0.25,1.25,0,ACTIVO
6858,METOCLOPRAMIDA CLORHIDRATO 5MG/ML,GENERICO,,45,INY,0.25,1.25,0,ACTIVO
6859,METOCLOPRAMIDA CLORHIDRATO 5MG/5ML,GENERICO,,45,LIQ ORAL,0.25,1.25,0,ACTIVO
6860,METOCLOPRAMIDA CLORHIDRATO 10MG,GENERICO,,45,TAB,0.25,1.25,0,ACTIVO
6861,MIDAZOLAM (COMO CLORHIDRATO) 1MG/ML,GENERICO,,45,LIQ ORAL,0.25,1.25,0,ACTIVO
6862,MIDAZOLAM (COMO CLORHIDRATO) 5MG/ML,GENERICO,,45,TAB,0.25,1.25,0,ACTIVO
6863,ONDANSETRON (COMO CLORHIDRATO) 2MG/ML,GENERICO,,45,INY,0.25,1.25,0,ACTIVO
6864,ONDANSETRON (COMO CLORHIDRATO) 8MG,GENERICO,,45,LIQ ORAL,0.25,1.25,0,ACTIVO
6865,RIFAXIMINA 550MG,GENERICO,,45,TAB,0.25,1.25,0,ACTIVO
6866,CLORFENAMINA MALEATO 1MG/ML,GENERICO,,45,INY,0.25,1.25,0,ACTIVO
6867,CLORFENAMINA MALEATO 10MG/ML,GENERICO,,45,INY,0.25,1.25,0,ACTIVO
6868,CLORFENAMINA MALEATO 2MG/5ML,GENERICO,,45,INY,0.25,1.25,0,ACTIVO
6869,CLORFENAMINA MALEATO 4MG,GENERICO,,45,TAB,0.25,1.25,0,ACTIVO
6870,DEXAMETASONA FOSFATO (COMO SAL SÓDICA) 4MG/ML,GENERICO,,45,TAB,0.25,1.25,0,ACTIVO
6871,EPINEFRINA (COMO CLORHIDRATO O TARTRATO ÁCIDO) 1MG/ML,GENERICO,,45,LIQ ORAL,0.25,1.25,0,ACTIVO
6872,HIDROCORTISONA (COMO SUCCINATO SÓDICO) 100MG,GENERICO,,45,INY,0.25,1.25,0,ACTIVO
6873,LORATADINA 10MG,GENERICO,,45,LIQ ORAL,0.25,1.25,0,ACTIVO
6874,LORATADINA 5MG/5ML,GENERICO,,45,TAB,0.25,1.25,0,ACTIVO
6875,METILPREDNISOLONA (COMO SUCCINATO SÓDICO) 500MG,GENERICO,,45,INY,0.25,1.25,0,ACTIVO
6876,PREDNISONA 50MG,GENERICO,,45,INY,0.25,1.25,0,ACTIVO
6877,PREDNISONA 20MG,GENERICO,,45,INY,0.25,1.25,0,ACTIVO
6878,PREDNISONA 5MG,GENERICO,,45,TAB,0.25,1.25,0,ACTIVO
6879,ACETILCISTEÍNA 200MG/ML,GENERICO,,45,LIQ ORAL,0.25,1.25,0,ACTIVO
6880,ACETILCISTEÍNA 100MG/5ML,GENERICO,,45,INY,0.25,1.25,0,ACTIVO
6881,AMILO NITRITO ,GENERICO,,45,TAB,0.25,1.25,0,ACTIVO
6882,ATROPINA SULFATO 1MG/ML,GENERICO,,45,TAB,0.25,1.25,0,ACTIVO
6883,ATROPINA SULFATO 500MCG/ML (0.5MG/ML),GENERICO,,45,TAB,0.25,1.25,0,ACTIVO
6884,AZUL DE PRUSIA 500MG,GENERICO,,45,PLV,0.25,1.25,0,ACTIVO
6885,CALCIO GLUCONATO 10% (EQUIV 8.4MG/ML CA),GENERICO,,45,LIQ ORAL,0.25,1.25,0,ACTIVO
6886,CALCIOEDETATO SÓDICO 200MG/ML,GENERICO,,45,INY,0.25,1.25,0,ACTIVO
6887,DANTROLENO SÓDICO 20MG,GENERICO,,45,LIQ ORAL,0.25,1.25,0,ACTIVO
6888,DEFEROXAMINA MESILATO 500MG,GENERICO,,45,LIQ INH,0.25,1.25,0,ACTIVO
6889,DIMERCAPROL 50MG/ML,GENERICO,,45,INY,0.25,1.25,0,ACTIVO
6890,FLUMAZENIL 100MCG/ML (0.1MG/ML),GENERICO,,45,INY,0.25,1.25,0,ACTIVO
6891,HIDROXOCOBALAMINA 1MG/ML,GENERICO,,45,TAB,0.25,1.25,0,ACTIVO
6892,METILTIONINIO CLORURO 10MG/ML,GENERICO,,45,INY,0.25,1.25,0,ACTIVO
6893,NALOXONA CLORHIDRATO 400MCG/ML (0.4MG/ML),GENERICO,,45,INY,0.25,1.25,0,ACTIVO
6894,PRALIDOXIMA CLORHIDRATO 1G,GENERICO,,45,INY,0.25,1.25,0,ACTIVO
6895,PENICILAMINA 250MG,GENERICO,,45,INY,0.25,1.25,0,ACTIVO
6896,SODIO NITRITO 30MG/ML,GENERICO,,45,INY,0.25,1.25,0,ACTIVO
6897,SODIO TIOSULFATO 250MG/ML,GENERICO,,45,INY,0.25,1.25,0,ACTIVO
6898,SUCCÍMERO 100MG,GENERICO,,45,INY,0.25,1.25,0,ACTIVO
6899,CARBAMAZEPINA 100MG/5ML,GENERICO,,45,INY,0.25,1.25,0,ACTIVO
6900,CARBAMAZEPINA 100MG,GENERICO,,45,INY,0.25,1.25,0,ACTIVO
6901,CARBAMAZEPINA 200MG,GENERICO,,45,INY,0.25,1.25,0,ACTIVO
6902,CLONAZEPAM 500MCG (0.5MG),GENERICO,,45,TAB,0.25,1.25,0,ACTIVO
6903,CLONAZEPAM 2MG,GENERICO,,45,INY,0.25,1.25,0,ACTIVO
6904,CLONAZEPAM 2.5MG/ML,GENERICO,,45,INY,0.25,1.25,0,ACTIVO
6905,DIAZEPAM 5MG/ML,GENERICO,,45,TAB,0.25,1.25,0,ACTIVO
6906,LEVETIRACETAM 500MG,GENERICO,,45,LIQ ORAL,0.25,1.25,0,ACTIVO
6907,LEVETIRACETAM 1000MG,GENERICO,,45,TAB,0.25,1.25,0,ACTIVO
6908,LEVETIRACETAM 100MG/ML,GENERICO,,45,TAB,0.25,1.25,0,ACTIVO
6909,LORAZEPAM 2MG/ML,GENERICO,,45,TAB,0.25,1.25,0,ACTIVO
6910,LORAZEPAM 4MG/ML,GENERICO,,45,TAB,0.25,1.25,0,ACTIVO
6911,ETOSUXIMIDA 250MG,GENERICO,,45,LIQ ORAL,0.25,1.25,0,ACTIVO
6912,ETOSUXIMIDA 250MG/5ML,GENERICO,,45,INY,0.25,1.25,0,ACTIVO
6913,FENITOÍNA SÓDICA 100MG,GENERICO,,45,TAB,0.25,1.25,0,ACTIVO
6914,FENITOÍNA 125MG/5ML,GENERICO,,45,TAB,0.25,1.25,0,ACTIVO
6915,FENITOÍNA SÓDICA 50MG/ML,GENERICO,,45,LIQ ORAL,0.25,1.25,0,ACTIVO
6916,FENITOÍNA SÓDICA 50MG/ML,GENERICO,,45,INY,0.25,1.25,0,ACTIVO
6917,FENOBARBITAL 100MG,GENERICO,,45,INY,0.25,1.25,0,ACTIVO
6918,FENOBARBITAL (COMO BASE O SAL SÓDICA) 100MG/ML,GENERICO,,45,TAB,0.25,1.25,0,ACTIVO
6919,FENOBARBITAL 15MG/5ML,GENERICO,,45,LIQ ORAL,0.25,1.25,0,ACTIVO
6920,GABAPENTINA 300MG,GENERICO,,45,TAB,0.25,1.25,0,ACTIVO
6921,LAMOTRIGINA 50MG,GENERICO,,45,LIQ ORAL,0.25,1.25,0,ACTIVO
6922,MAGNESIO SULFATO 200MG/ML,GENERICO,,45,INY,0.25,1.25,0,ACTIVO
6923,MAGNESIO SULFATO 500MG/ML,GENERICO,,45,INY,0.25,1.25,0,ACTIVO
6924,VALPROATO SÓDICO 250MG/5ML,GENERICO,,45,TAB,0.25,1.25,0,ACTIVO
6925,VALPROATO SÓDICO 200MG/ML,GENERICO,,45,INY,0.25,1.25,0,ACTIVO
6926,VALPROATO SÓDICO 500MG,GENERICO,,45,LIQ ORAL,0.25,1.25,0,ACTIVO
6927,ALBENDAZOL 100MG/5ML,GENERICO,,45,TAB,0.25,1.25,0,ACTIVO
6928,ALBENDAZOL 200MG,GENERICO,,45,TAB,0.25,1.25,0,ACTIVO
6929,ALBENDAZOL 400MG,GENERICO,,45,INY,0.25,1.25,0,ACTIVO
6930,IVERMECTINA 3MG,GENERICO,,45,INY,0.25,1.25,0,ACTIVO
6931,IVERMECTINA 6MG,GENERICO,,45,LIQ ORAL,0.25,1.25,0,ACTIVO
6932,IVERMECTINA 6MG/ML,GENERICO,,45,LIQ ORAL,0.25,1.25,0,ACTIVO
6933,MEBENDAZOL 100MG,GENERICO,,45,TAB LIB MODIF,0.25,1.25,0,ACTIVO
6934,MEBENDAZOL 100MG/5ML,GENERICO,,45,INY,0.25,1.25,0,ACTIVO
6935,MEBENDAZOL 500MG,GENERICO,,45,LIQ ORAL,0.25,1.25,0,ACTIVO
6936,PRAZICUANTEL 150MG,GENERICO,,45,TAB,0.25,1.25,0,ACTIVO
6937,AMOXICILINA 125MG/5ML,GENERICO,,45,TAB,0.25,1.25,0,ACTIVO
6938,AMOXICILINA 250MG/5ML,GENERICO,,45,TAB,0.25,1.25,0,ACTIVO
6939,AMOXICILINA 500MG/5ML,GENERICO,,45,TAB,0.25,1.25,0,ACTIVO
6940,AMOXICILINA 250MG,GENERICO,,45,LIQ ORAL,0.25,1.25,0,ACTIVO
6941,AMOXICILINA 500MG,GENERICO,,45,TAB,0.25,1.25,0,ACTIVO
6942,AMOXICILINA + ÁCIDO CLAVULÁNICO (COMO SAL POTÁSICA) 125MG + 31.25MG/5ML,GENERICO,,45,LIQ ORAL,0.25,1.25,0,ACTIVO
6943,AMOXICILINA + ÁCIDO CLAVULÁNICO (COMO SAL POTÁSICA) 250MG + 62.5MG/5ML,GENERICO,,45,TAB,0.25,1.25,0,ACTIVO
6944,AMOXICILINA + ÁCIDO CLAVULÁNICO (COMO SAL POTÁSICA) 500MG + 125MG,GENERICO,,45,TAB,0.25,1.25,0,ACTIVO
6945,AMPICILINA (COMO SAL SÓDICA) 500MG,GENERICO,,45,TAB,0.25,1.25,0,ACTIVO
6946,AMPICILINA (COMO SAL SÓDICA) 1G,GENERICO,,45,TAB,0.25,1.25,0,ACTIVO
6947,BENCILPENICILINA SÓDICA EQUIV 1 000 000UI BENCILPENICILINA,GENERICO,,45,TAB,0.25,1.25,0,ACTIVO
6948,BENCILPENICILINA PROCAÍNICA EQUIV 1 000 000UI BENCILPENICILINA,GENERICO,,45,LIQ ORAL,0.25,1.25,0,ACTIVO
6949,BENCILPENICILINA BENZATINA EQUIV 1 200 000UI BENCILPENICILINA,GENERICO,,45,LIQ ORAL,0.25,1.25,0,ACTIVO
6950,BENCILPENICILINA BENZATINA EQUIV 2 400 000UI BENCILPENICILINA,GENERICO,,45,LIQ ORAL,0.25,1.25,0,ACTIVO
6951,DICLOXACILINA (COMO SAL SÓDICA) 250MG,GENERICO,,45,TAB,0.25,1.25,0,ACTIVO
6952,DICLOXACILINA (COMO SAL SÓDICA) 250MG/5ML,GENERICO,,45,TAB,0.25,1.25,0,ACTIVO
6953,DICLOXACILINA (COMO SAL SÓDICA) 500MG,GENERICO,,45,LIQ ORAL,0.25,1.25,0,ACTIVO
6954,FENOXIMETILPENICILINA (COMO SAL POTÁSICA) 1 000 000UI,GENERICO,,45,LIQ ORAL,0.25,1.25,0,ACTIVO
6955,FENOXIMETILPENICILINA (COMO SAL POTÁSICA) 300 000UI/5ML,GENERICO,,45,TAB,0.25,1.25,0,ACTIVO
6956,OXACILINA 1G,GENERICO,,45,INY,0.25,1.25,0,ACTIVO
6957,OXACILINA 500MG,GENERICO,,45,INY,0.25,1.25,0,ACTIVO
6958,AMPICILINA (COMO SAL SÓDICA) + SULBACTAM (COMO SAL SÓDICA) 1G + 500MG,GENERICO,,45,INY,0.25,1.25,0,ACTIVO
6959,PIPERACILINA (COMO SAL SÓDICA) + TAZOBACTAM (COMO SAL SÓDICA) 4G + 500MG,GENERICO,,45,INY,0.25,1.25,0,ACTIVO
6960,6.2.1.2 CEFALOSPORINAS ,GENERICO,,45,INY,0.25,1.25,0,ACTIVO
6961,CEFALEXINA 500MG,GENERICO,,45,INY,0.25,1.25,0,ACTIVO
6962,CEFALEXINA 250MG/5ML,GENERICO,,45,TAB,0.25,1.25,0,ACTIVO
6963,CEFAZOLINA (COMO SAL SÓDICA) 1G,GENERICO,,45,LIQ ORAL,0.25,1.25,0,ACTIVO
6964,CEFUROXIMA (COMO AXETIL) 250MG/5ML,GENERICO,,45,TAB,0.25,1.25,0,ACTIVO
6965,CEFUROXIMA (COMO AXETIL) 500MG,GENERICO,,45,TAB,0.25,1.25,0,ACTIVO
6966,CEFOTAXIMA (COMO SAL SÓDICA) 500MG,GENERICO,,45,LIQ ORAL,0.25,1.25,0,ACTIVO
6967,CEFTAZIDIMA 1G,GENERICO,,45,INY,0.25,1.25,0,ACTIVO
6968,CEFTRIAXONA (COMO SAL SÓDICA) 1G,GENERICO,,45,INY,0.25,1.25,0,ACTIVO
6969,6.2.1.3 CARBAPENEMS ,GENERICO,,45,INY,0.25,1.25,0,ACTIVO
6970,IMIPENEM + CILASTATINA (COMO SAL SÓDICA) 500MG + 500MG,GENERICO,,45,INY,0.25,1.25,0,ACTIVO
6971,MEROPENEM 500MG,GENERICO,,45,TAB,0.25,1.25,0,ACTIVO
6972,6.2.2 OTROS ANTIBACTERIANOS ,GENERICO,,45,LIQ ORAL,0.25,1.25,0,ACTIVO
6973,6.2.2.1 MACRÓLIDOS Y LINCOSAMIDAS ,GENERICO,,45,INY,0.25,1.25,0,ACTIVO
6974,AZITROMICINA 200MG/5ML,GENERICO,,45,LIQ ORAL,0.25,1.25,0,ACTIVO
6975,AZITROMICINA 500MG,GENERICO,,45,TAB,0.25,1.25,0,ACTIVO
6976,CLARITROMICINA 250MG/5ML,GENERICO,,45,INY,0.25,1.25,0,ACTIVO
6977,CLARITROMICINA 500MG,GENERICO,,45,INY,0.25,1.25,0,ACTIVO
6978,CLINDAMICINA (COMO PALMITATO) 75MG/5ML,GENERICO,,45,INY,0.25,1.25,0,ACTIVO
6979,CLINDAMICINA (COMO CLORHIDRATO) 300MG,GENERICO,,45,INY,0.25,1.25,0,ACTIVO
6980,CLINDAMICINA (COMO FOSFATO) 150MG/ML,GENERICO,,45,INY,0.25,1.25,0,ACTIVO
6981,ERITROMICINA (COMO ESTEARATO O ETILSUCCINATO) 200-250MG/5ML,GENERICO,,45,LIQ ORAL,0.25,1.25,0,ACTIVO
6982,ERITROMICINA (COMO ESTEARATO O ETILSUCCINATO) 500MG,GENERICO,,45,TAB,0.25,1.25,0,ACTIVO
6983,ERITROMICINA (COMO ESTEARATO O ETILSUCCINATO) 125MG/5ML,GENERICO,,45,LIQ ORAL,0.25,1.25,0,ACTIVO
6984,6.2.2.2 AMINOGLUCÓSIDOS ,GENERICO,,45,TAB,0.25,1.25,0,ACTIVO
6985,AMIKACINA (COMO SULFATO) 250MG/ML,GENERICO,,45,LIQ ORAL,0.25,1.25,0,ACTIVO
6986,AMIKACINA (COMO SULFATO) 50MG/ML,GENERICO,,45,TAB,0.25,1.25,0,ACTIVO
6987,GENTAMICINA (COMO SULFATO) 10MG/ML,GENERICO,,45,INY,0.25,1.25,0,ACTIVO
6988,GENTAMICINA (COMO SULFATO) 40MG/ML,GENERICO,,45,LIQ ORAL,0.25,1.25,0,ACTIVO
6989,GENTAMICINA (COMO SULFATO) 80MG/ML,GENERICO,,45,TAB,0.25,1.25,0,ACTIVO
6990,6.2.2.3 SULFONAMIDAS CON DIAMINOPIRIMIDINAS ,GENERICO,,45,LIQ ORAL,0.25,1.25,0,ACTIVO
6991,SULFAMETOXAZOL + TRIMETOPRIMA 200MG + 40MG/5ML,GENERICO,,45,INY,0.25,1.25,0,ACTIVO
6992,SULFAMETOXAZOL + TRIMETOPRIMA 400MG + 80MG,GENERICO,,45,INY,0.25,1.25,0,ACTIVO
6993,SULFAMETOXAZOL + TRIMETOPRIMA 800MG + 160MG,GENERICO,,45,INY,0.25,1.25,0,ACTIVO
6994,SULFAMETOXAZOL + TRIMETOPRIMA 80MG + 16MG/ML,GENERICO,,45,INY,0.25,1.25,0,ACTIVO
6995,6.2.2.4 QUINOLONAS ,GENERICO,,45,INY,0.25,1.25,0,ACTIVO
6996,CIPROFLOXACINO 250MG/5ML,GENERICO,,45,LIQ ORAL,0.25,1.25,0,ACTIVO
6997,CIPROFLOXACINO (COMO LACTATO) 2MG/ML,GENERICO,,45,TAB,0.25,1.25,0,ACTIVO
6998,CIPROFLOXACINO (COMO CLORHIDRATO) 500MG,GENERICO,,45,TAB,0.25,1.25,0,ACTIVO
6999,6.2.2.5 TETRACICLINAS ,GENERICO,,45,INY,0.25,1.25,0,ACTIVO
7000,DOXICICLINA (COMO CLORHIDRATO O HICLATO) 100MG,GENERICO,,45,LIQ ORAL,0.25,1.25,0,ACTIVO
7001,6.2.2.6 ANFENICOLES ,GENERICO,,45,INY,0.25,1.25,0,ACTIVO
7002,CLORANFENICOL 250MG,GENERICO,,45,TAB,0.25,1.25,0,ACTIVO
7003,CLORANFENICOL 500MG,GENERICO,,45,TAB,0.25,1.25,0,ACTIVO
7004,CLORANFENICOL (COMO PALMITATO) 250MG/5ML,GENERICO,,45,TAB,0.25,1.25,0,ACTIVO
7005,CLORANFENICOL (COMO SUCCINATO SÓDICO) 1G,GENERICO,,45,TAB,0.25,1.25,0,ACTIVO
7006,6.2.2.7 MISCELÁNEA ,GENERICO,,45,LIQ ORAL,0.25,1.25,0,ACTIVO
7007,COLISTINA (COMO COLISTIMETATO SÓDICO) 100MG-150MG,GENERICO,,45,INY,0.25,1.25,0,ACTIVO
7008,FOSFOMICINA (COMO TROMETAMOL) 3G,GENERICO,,45,INY,0.25,1.25,0,ACTIVO
7009,FURAZOLIDONA 100MG,GENERICO,,45,LIQ ORAL,0.25,1.25,0,ACTIVO
7010,FURAZOLIDONA 50MG/5ML,GENERICO,,45,TAB,0.25,1.25,0,ACTIVO
7011,METRONIDAZOL (COMO BENZOATO) 250MG/5ML,GENERICO,,45,LIQ ORAL,0.25,1.25,0,ACTIVO
7012,METRONIDAZOL 5MG/ML,GENERICO,,45,LIQ ORAL,0.25,1.25,0,ACTIVO
7013,METRONIDAZOL 500MG,GENERICO,,45,INY,0.25,1.25,0,ACTIVO
7014,NITROFURANTOINA 100MG,GENERICO,,45,TAB,0.25,1.25,0,ACTIVO
7015,NITROFURANTOINA 25MG/5ML,GENERICO,,45,TAB,0.25,1.25,0,ACTIVO
7016,VANCOMICINA (COMO CLORHIDRATO) 500MG,GENERICO,,45,LIQ ORAL,0.25,1.25,0,ACTIVO
7017,6.2.3 ANTILEPROSOS ,GENERICO,,45,INY,0.25,1.25,0,ACTIVO
7018,CLOFAZIMINA 100MG,GENERICO,,45,TAB,0.25,1.25,0,ACTIVO
7019,CLOFAZIMINA 50MG,GENERICO,,45,TAB,0.25,1.25,0,ACTIVO
7020,DAPSONA 100MG,GENERICO,,45,TAB,0.25,1.25,0,ACTIVO
7021,DAPSONA 50MG,GENERICO,,45,TAB,0.25,1.25,0,ACTIVO
7022,RIFAMPICINA 150MG,GENERICO,,45,TAB,0.25,1.25,0,ACTIVO
7023,RIFAMPICINA 300MG,GENERICO,,45,TAB,0.25,1.25,0,ACTIVO
7024,6.2.4 ANTITUBERCULOSIS ,GENERICO,,45,GRAN LIB PRO,0.25,1.25,0,ACTIVO
7025,ÁCIDO P-AMINOSALICÍLICO 4G,GENERICO,,45,INY,0.25,1.25,0,ACTIVO
7026,CAPREOMICINA (COMO SULFATO) 1G,GENERICO,,45,TAB,0.25,1.25,0,ACTIVO
7027,CICLOSERINA 250MG,GENERICO,,45,TAB,0.25,1.25,0,ACTIVO
7028,CIPROFLOXACINO (COMO CLORHIDRATO) 500MG,GENERICO,,45,INY,0.25,1.25,0,ACTIVO
7029,ESTREPTOMICINA (COMO SULFATO) 1G,GENERICO,,45,INY,0.25,1.25,0,ACTIVO
7030,ESTREPTOMICINA (COMO SULFATO) 5G,GENERICO,,45,LIQ ORAL,0.25,1.25,0,ACTIVO
7031,ETAMBUTOL 25MG/ML,GENERICO,,45,TAB,0.25,1.25,0,ACTIVO
7032,ETAMBUTOL CLORHIDRATO 400MG,GENERICO,,45,TAB,0.25,1.25,0,ACTIVO
7033,ETAMBUTOL + ISONIAZIDA + PIRAZINAMIDA + RIFAMPICINA 275MG + 75MG + 400MG + 150MG,GENERICO,,45,TAB,0.25,1.25,0,ACTIVO
7034,ETIONAMIDA 250MG,GENERICO,,45,LIQ ORAL,0.25,1.25,0,ACTIVO
7035,ISONIAZIDA 50MG/5ML,GENERICO,,45,TAB,0.25,1.25,0,ACTIVO
7036,ISONIAZIDA 100MG,GENERICO,,45,TAB,0.25,1.25,0,ACTIVO
7037,ISONIAZIDA + RIFAMPICINA 75MG + 150MG,GENERICO,,45,TAB,0.25,1.25,0,ACTIVO
7038,ISONIAZIDA + RIFAMPICINA 150MG + 150MG,GENERICO,,45,INY,0.25,1.25,0,ACTIVO
7039,KANAMICINA (COMO SULFATO) 1G,GENERICO,,45,TAB,0.25,1.25,0,ACTIVO
7040,PIRAZINAMIDA 500MG,GENERICO,,45,LIQ ORAL,0.25,1.25,0,ACTIVO
7041,PIRAZINAMIDA 30MG/ML,GENERICO,,45,LIQ ORAL,0.25,1.25,0,ACTIVO
7042,RIFAMPICINA 100MG/5ML,GENERICO,,45,TAB,0.25,1.25,0,ACTIVO
7043,RIFAMPICINA 150MG,GENERICO,,45,TAB,0.25,1.25,0,ACTIVO
7044,RIFAMPICINA 300MG,GENERICO,,45,TAB,0.25,1.25,0,ACTIVO
7045,RIFABUTINA 150MG,GENERICO,,45,TAB,0.25,1.25,0,ACTIVO
7046,MOXIFLOXACINO (COMO CLORHIDRATO) 400MG,GENERICO,,45,TAB,0.25,1.25,0,ACTIVO
7047,LEVOFLOXACINO 250MG,GENERICO,,45,TAB,0.25,1.25,0,ACTIVO
7048,LEVOFLOXACINO 500MG,GENERICO,,45,INY,0.25,1.25,0,ACTIVO
7049,6.3 ANTIFÚNGICOS ,GENERICO,,45,OVU/TAB VAG,0.25,1.25,0,ACTIVO
7050,AMFOTERICINA B (COMO DEOXICOLATO SÓDICO) 50MG,GENERICO,,45,INY,0.25,1.25,0,ACTIVO
7051,CLOTRIMAZOL 500MG,GENERICO,,45,TAB,0.25,1.25,0,ACTIVO
7052,FLUCONAZOL 2MG/ML,GENERICO,,45,TAB,0.25,1.25,0,ACTIVO
7053,FLUCONAZOL 50MG,GENERICO,,45,TAB,0.25,1.25,0,ACTIVO
7054,FLUCONAZOL 150MG,GENERICO,,45,TAB,0.25,1.25,0,ACTIVO
7055,FLUCITOSINA 500MG,GENERICO,,45,TAB,0.25,1.25,0,ACTIVO
7056,GRISEOFULVINA 250MG,GENERICO,,45,LIQ ORAL,0.25,1.25,0,ACTIVO
7057,ITRACONAZOL 100MG,GENERICO,,45,TAB,0.25,1.25,0,ACTIVO
7058,NISTATINA 100 000UI/ML,GENERICO,,45,TAB,0.25,1.25,0,ACTIVO
7059,NISTATINA 500 000UI,GENERICO,,45,INY,0.25,1.25,0,ACTIVO
7060,6.4 ANTIVIRALES ,GENERICO,,45,LIQ ORAL,0.25,1.25,0,ACTIVO
7061,6.4.1 ANTIHERPÉTICOS ,GENERICO,,45,TAB,0.25,1.25,0,ACTIVO
7062,ACICLOVIR 200MG,GENERICO,,45,TAB,0.25,1.25,0,ACTIVO
7063,ACICLOVIR (COMO SAL SÓDICA) 250MG,GENERICO,,45,TAB,0.25,1.25,0,ACTIVO
7064,ACICLOVIR (COMO SAL SÓDICA) 200MG/5ML,GENERICO,,45,LIQ ORAL,0.25,1.25,0,ACTIVO
7065,ACICLOVIR 400MG,GENERICO,,45,TAB,0.25,1.25,0,ACTIVO
7066,6.4.2 ANTIRRETROVIRALES ,GENERICO,,45,TAB,0.25,1.25,0,ACTIVO
7067,6.4.2.1 INHIBIDORES NUCLEOSÍDICOS DE LA TRANSCRIPTASA INVERSA ,GENERICO,,45,TAB,0.25,1.25,0,ACTIVO
7068,ABACAVIR (COMO SULFATO) 300MG,GENERICO,,45,LIQ ORAL,0.25,1.25,0,ACTIVO
7069,LAMIVUDINA 150MG,GENERICO,,45,INY,0.25,1.25,0,ACTIVO
7070,LAMIVUDINA 50MG/5ML,GENERICO,,45,TAB,0.25,1.25,0,ACTIVO
7071,TENOFOVIR DISOPROXILO FUMARATO 300MG (EQUIV 245MG TENOFOVIR DISOPROXILO),GENERICO,,45,TAB,0.25,1.25,0,ACTIVO
7072,ZIDOVUDINA 100MG,GENERICO,,45,TAB,0.25,1.25,0,ACTIVO
7073,ZIDOVUDINA 300MG,GENERICO,,45,TAB,0.25,1.25,0,ACTIVO
7074,ZIDOVUDINA 50MG/5ML,GENERICO,,45,TAB,0.25,1.25,0,ACTIVO
7075,ZIDOVUDINA 10MG/ML,GENERICO,,45,LIQ ORAL,0.25,1.25,0,ACTIVO
7076,6.4.2.2 INHIBIDORES NO NUCLEOSÍDICOS DE LA TRANSCRIPTASA INVERSA ,GENERICO,,45,TAB,0.25,1.25,0,ACTIVO
7077,EFAVIRENZ 200MG,GENERICO,,45,TAB,0.25,1.25,0,ACTIVO
7078,EFAVIRENZ 600MG,GENERICO,,45,TAB,0.25,1.25,0,ACTIVO
7079,ETRAVIRINA 100MG,GENERICO,,45,TAB,0.25,1.25,0,ACTIVO
7080,ETRAVIRINA 200MG,GENERICO,,45,LIQ ORAL,0.25,1.25,0,ACTIVO
7081,NEVIRAPINA 200MG,GENERICO,,45,LIQ ORAL,0.25,1.25,0,ACTIVO
7082,NEVIRAPINA 50MG/5ML,GENERICO,,45,TAB,0.25,1.25,0,ACTIVO
7083,6.4.2.3 INHIBIDORES DE LA PROTEASA ,GENERICO,,45,TAB,0.25,1.25,0,ACTIVO
7084,ATAZANAVIR (COMO SULFATO) 300MG,GENERICO,,45,TAB,0.25,1.25,0,ACTIVO
7085,DARUNAVIR (COMO ETANOLATO) 300MG,GENERICO,,45,TAB,0.25,1.25,0,ACTIVO
7086,DARUNAVIR (COMO ETANOLATO) 600MG,GENERICO,,45,TAB,0.25,1.25,0,ACTIVO
7087,LOPINAVIR + RITONAVIR 200MG + 50MG,GENERICO,,45,TAB,0.25,1.25,0,ACTIVO
7088,LOPINAVIR + RITONAVIR 400MG + 100MG/5ML,GENERICO,,45,TAB,0.25,1.25,0,ACTIVO
7089,NELFINAVIR (COMO MESILATO) 50MG/G,GENERICO,,45,TAB,0.25,1.25,0,ACTIVO
7090,RITONAVIR 100MG,GENERICO,,45,TAB,0.25,1.25,0,ACTIVO
7091,6.4.2.4 INHIBIDORES DE LA INTEGRASA ,GENERICO,,45,TAB,0.25,1.25,0,ACTIVO
7092,RALTEGRAVIR 400MG,GENERICO,,45,TAB,0.25,1.25,0,ACTIVO
7093,COMBINACIONES A DOSIS FIJAS ,GENERICO,,45,INY,0.25,1.25,0,ACTIVO
7094,EFAVIRENZ + LAMIVUDINA + TENOFOVIR DISOPROXILO FUMARATO 400MG + 300MG + 300MG (EQUIV 245MG TENOFOVIR DISAPROXILO),GENERICO,,45,TAB,0.25,1.25,0,ACTIVO
7095,EFAVIRENZ + EMTRICITABINA + TENOFOVIR DISOPROXILO FUMARATO 600MG + 200MG + 300MG (EQUIV 245MG TENOFOVIR DISOPROXILO),GENERICO,,45,TAB,0.25,1.25,0,ACTIVO
7096,EMTRICITABINA + TENOFOVIR DISOPROXILO FUMARATO 200MG + 300MG (EQUIV 245MG TENOFOVIR DISOPROXILO),GENERICO,,45,INY,0.25,1.25,0,ACTIVO
7097,LAMIVUDINA + ZIDOVUDINA + NEVIRAPINA 150MG + 300MG + 200MG,GENERICO,,45,INY,0.25,1.25,0,ACTIVO
7098,LAMIVUDINA + ZIDOVUDINA 150MG + 300MG,GENERICO,,45,TAB,0.25,1.25,0,ACTIVO
7099,LAMIVUDINA + TENOFOVIR DISOPROXILO FUMARATO + DOLUTEGRAVIR 300MG + 300MG + 50MG,GENERICO,,45,TAB,0.25,1.25,0,ACTIVO
7100,ATAZANAVIR (COMO SULFATO) + RITONAVIR 300MG + 100MG,GENERICO,,45,LIQ ORAL,0.25,1.25,0,ACTIVO
7101,LAMIVUDINA + ABACAVIR (COMO SULFATO) 300MG + 600MG,GENERICO,,45,TAB,0.25,1.25,0,ACTIVO
7102,6.4.3 OTROS ANTIVIRALES ,GENERICO,,45,INY,0.25,1.25,0,ACTIVO
7103,ENTECAVIR 0.5MG,GENERICO,,45,INY,0.25,1.25,0,ACTIVO
7104,GANCICLOVIR (COMO SAL SÓDICA) 500MG,GENERICO,,45,INY,0.25,1.25,0,ACTIVO
7105,VALGANCICLOVIR 450MG,GENERICO,,45,TAB,0.25,1.25,0,ACTIVO
7106,RIBAVIRINA 200MG,GENERICO,,45,TAB,0.25,1.25,0,ACTIVO
7107,PEGINTERFERÓN ALFA-2A 180MCG,GENERICO,,45,INY,0.25,1.25,0,ACTIVO
7108,INTERFERÓN ALFA-2B 3 000 000 - 10 000 000UI,GENERICO,,45,INY,0.25,1.25,0,ACTIVO
7109,SOFOSBUVIR + VELPATASVIR 400MG + 100MG,GENERICO,,45,INY,0.25,1.25,0,ACTIVO
7110,6.5 ANTIPROTOZOARIOS ,GENERICO,,45,TAB,0.25,1.25,0,ACTIVO
7111,"6.5.1 AMEBICIDAS, GIARDICIDAS Y TRICOMONICIDAS ",GENERICO,,45,TAB,0.25,1.25,0,ACTIVO
7112,DILOXANIDA FUROATO 500MG,GENERICO,,45,SUP,0.25,1.25,0,ACTIVO
7113,METRONIDAZOL (COMO BENZOATO) 250MG/5ML,GENERICO,,45,TAB,0.25,1.25,0,ACTIVO
7114,METRONIDAZOL 500MG,GENERICO,,45,TAB,0.25,1.25,0,ACTIVO
7115,6.5.2 ANTILEISHMANIÁSICOS ,GENERICO,,45,TAB,0.25,1.25,0,ACTIVO
7116,AMFOTERICINA B (COMO DEOXICOLATO SÓDICO) 50MG,GENERICO,,45,TAB,0.25,1.25,0,ACTIVO
7117,ANTIMONIATO MEGLUMINA EQUIV 80-85MG ANTIMONIO PENTAVALENTE/ML,GENERICO,,45,TAB,0.25,1.25,0,ACTIVO
7118,ESTIBOGLUCONATO SÓDICO EQUIV 100MG ANTIMONIO PENTAVALENTE/ML,GENERICO,,45,TAB,0.25,1.25,0,ACTIVO
7119,MILTEFOSINA 10MG,GENERICO,,45,TAB,0.25,1.25,0,ACTIVO
7120,MILTEFOSINA 50MG,GENERICO,,45,TAB,0.25,1.25,0,ACTIVO
7121,PENTAMIDINA ISETIONATO 200MG,GENERICO,,45,TAB,0.25,1.25,0,ACTIVO
7122,6.5.3 ANTIMALÁRICOS ,GENERICO,,45,INY,0.25,1.25,0,ACTIVO
7123,ARTEMETERO 80MG/ML,GENERICO,,45,TAB,0.25,1.25,0,ACTIVO
7124,ARTESUNATO 60MG,GENERICO,,45,TAB,0.25,1.25,0,ACTIVO
7125,ARTESUNATO 250MG,GENERICO,,45,TAB,0.25,1.25,0,ACTIVO
7126,ARTESUNATO 50MG,GENERICO,,45,INY,0.25,1.25,0,ACTIVO
7127,ARTESUNATO 100MG,GENERICO,,45,TAB,0.25,1.25,0,ACTIVO
7128,ARTESUNATO + MEFLOQUINA (COMO CLORHIDRATO) 25MG + 50MG,GENERICO,,45,TAB,0.25,1.25,0,ACTIVO
7129,ARTESUNATO + MEFLOQUINA (COMO CLORHIDRATO) 100MG + 200MG,GENERICO,,45,TAB,0.25,1.25,0,ACTIVO
7130,CLOROQUINA (COMO FOSFATO) 150MG,GENERICO,,45,TAB,0.25,1.25,0,ACTIVO
7131,DOXICICLINA (COMO CLORHIDRATO O HICLATO) 100MG,GENERICO,,45,TAB,0.25,1.25,0,ACTIVO
7132,MEFLOQUINA (COMO CLORHIDRATO) 250MG,GENERICO,,45,TAB,0.25,1.25,0,ACTIVO
7133,PRIMAQUINA (COMO FOSFATO) 15MG,GENERICO,,45,LIQ ORAL,0.25,1.25,0,ACTIVO
7134,PRIMAQUINA (COMO FOSFATO) 5MG,GENERICO,,45,TAB,0.25,1.25,0,ACTIVO
7135,PRIMAQUINA (COMO FOSFATO) 7.5MG,GENERICO,,45,TAB,0.25,1.25,0,ACTIVO
7136,QUININA SULFATO 300MG,GENERICO,,45,TAB,0.25,1.25,0,ACTIVO
7137,QUININA DICLORHIDRATO 300MG/ML,GENERICO,,45,TAB,0.25,1.25,0,ACTIVO
7138,SULFADOXINA + PIRIMETAMINA 500MG + 25MG,GENERICO,,45,LIQ ORAL,0.25,1.25,0,ACTIVO
7139,6.5.4 ANTINEUMOCISTÓSICOS Y ANTITOXOPLASMÓSICOS ,GENERICO,,45,TAB,0.25,1.25,0,ACTIVO
7140,PIRIMETAMINA 25MG,GENERICO,,45,TAB,0.25,1.25,0,ACTIVO
7141,SULFAMETOXAZOL + TRIMETOPRIMA 800MG + 160MG,GENERICO,,45,INY,0.25,1.25,0,ACTIVO
7142,SULFAMETOXAZOL + TRIMETOPRIMA 80MG + 16MG/ML,GENERICO,,45,TAB,0.25,1.25,0,ACTIVO
7143,6.5.5 ANTITRIPANOSOMIÁSICOS ,GENERICO,,45,TAB,0.25,1.25,0,ACTIVO
7144,6.5.5.1 TRIPANOSOMIASIS AMERICANA ,GENERICO,,45,TAB,0.25,1.25,0,ACTIVO
7145,BENZNIDAZOL 100MG,GENERICO,,45,INY,0.25,1.25,0,ACTIVO
7146,NIFURTIMOX 120MG,GENERICO,,45,TAB,0.25,1.25,0,ACTIVO
7147,7. ANTIMIGRAÑOSOS ,GENERICO,,45,INY,0.25,1.25,0,ACTIVO
7148,7.1 PARA EL TRATAMIENTO DEL ATAQUE AGUDO ,GENERICO,,45,INY,0.25,1.25,0,ACTIVO
7149,ÁCIDO ACETILSALICÍLICO 500MG,GENERICO,,45,INY,0.25,1.25,0,ACTIVO
7150,IBUPROFENO 200MG,GENERICO,,45,INY,0.25,1.25,0,ACTIVO
7151,IBUPROFENO 400MG,GENERICO,,45,TAB,0.25,1.25,0,ACTIVO
7152,PARACETAMOL 500MG,GENERICO,,45,INY,0.25,1.25,0,ACTIVO
7153,PARACETAMOL 120MG/5ML,GENERICO,,45,TAB,0.25,1.25,0,ACTIVO
7154,7.2 PARA PROFILAXIS ,GENERICO,,45,INY,0.25,1.25,0,ACTIVO
7155,AMITRIPTILINA CLORHIDRATO 25MG,GENERICO,,45,INY,0.25,1.25,0,ACTIVO
7156,PROPRANOLOL CLORHIDRATO 40MG,GENERICO,,45,INY,0.25,1.25,0,ACTIVO
7157,PROPRANOLOL CLORHIDRATO 10MG,GENERICO,,45,INY,0.25,1.25,0,ACTIVO
7158,8. ANTINEOPLÁSICOS E INMUNOSUPRESORES ,GENERICO,,45,INY,0.25,1.25,0,ACTIVO
7159,8.1 INMUNOSUPRESORES ,GENERICO,,45,INY,0.25,1.25,0,ACTIVO
7160,AZATIOPRINA 50MG,GENERICO,,45,TAB,0.25,1.25,0,ACTIVO
7161,CICLOSPORINA 100MG/ML,GENERICO,,45,INY,0.25,1.25,0,ACTIVO
7162,CICLOSPORINA 25MG,GENERICO,,45,INY,0.25,1.25,0,ACTIVO
7163,CICLOSPORINA 50MG,GENERICO,,45,INY,0.25,1.25,0,ACTIVO
7164,CICLOSPORINA 50MG/ML,GENERICO,,45,INY,0.25,1.25,0,ACTIVO
7165,MICOFENOLATO MOFETILO 250MG,GENERICO,,45,TAB,0.25,1.25,0,ACTIVO
7166,MICOFENOLATO MOFETILO 500MG,GENERICO,,45,INY,0.25,1.25,0,ACTIVO
7167,TACROLIMUS 1MG,GENERICO,,45,INY,0.25,1.25,0,ACTIVO
7168,TACROLIMUS 5MG/ML,GENERICO,,45,TAB,0.25,1.25,0,ACTIVO
7169,TACROLIMUS 5MG,GENERICO,,45,TAB,0.25,1.25,0,ACTIVO
7170,8.2 CITOTÓXICOS Y MEDICAMENTOS ADYUVANTES ,GENERICO,,45,INY,0.25,1.25,0,ACTIVO
7171,ASPARAGINASA 10 000UI,GENERICO,,45,INY,0.25,1.25,0,ACTIVO
7172,AZACITIDINA 100MG,GENERICO,,45,INY,0.25,1.25,0,ACTIVO
7173,BLEOMICINA (COMO SULFATO) 15MG (15UI),GENERICO,,45,INY,0.25,1.25,0,ACTIVO
7174,BORTEZOMIB 3.5MG,GENERICO,,45,INY,0.25,1.25,0,ACTIVO
7175,BUSULFANO 2MG,GENERICO,,45,INY,0.25,1.25,0,ACTIVO
7176,BUSULFANO 6MG/ML,GENERICO,,45,INY,0.25,1.25,0,ACTIVO
7177,CAPECITABINA 500MG,GENERICO,,45,INY,0.25,1.25,0,ACTIVO
7178,CARBOPLATINO 150MG,GENERICO,,45,TAB,0.25,1.25,0,ACTIVO
7179,CARBOPLATINO 450MG,GENERICO,,45,INY,0.25,1.25,0,ACTIVO
7180,CARMUSTINA 100MG,GENERICO,,45,TAB,0.25,1.25,0,ACTIVO
7181,CETUXIMAB 5MG/ML,GENERICO,,45,INY,0.25,1.25,0,ACTIVO
7182,CICLOFOSFAMIDA 1G,GENERICO,,45,INY,0.25,1.25,0,ACTIVO
7183,CICLOFOSFAMIDA 200MG,GENERICO,,45,INY,0.25,1.25,0,ACTIVO
7184,CICLOFOSFAMIDA 50MG,GENERICO,,45,INY,0.25,1.25,0,ACTIVO
7185,CISPLATINO 10MG,GENERICO,,45,INY,0.25,1.25,0,ACTIVO
7186,CISPLATINO 50MG,GENERICO,,45,TAB,0.25,1.25,0,ACTIVO
7187,CITARABINA 500MG,GENERICO,,45,INY,0.25,1.25,0,ACTIVO
7188,CITARABINA SIN PRESERVANTES 100MG,GENERICO,,45,INY,0.25,1.25,0,ACTIVO
7189,CLORAMBUCILO 2MG,GENERICO,,45,INY,0.25,1.25,0,ACTIVO
7190,DACARBAZINA 200MG,GENERICO,,45,TAB,0.25,1.25,0,ACTIVO
7191,DACTINOMICINA 500MCG (0.5MG),GENERICO,,45,INY,0.25,1.25,0,ACTIVO
7192,DASATINIB 50MG,GENERICO,,45,TAB,0.25,1.25,0,ACTIVO
7193,DASATINIB 70MG,GENERICO,,45,TAB,0.25,1.25,0,ACTIVO
7194,DAUNORUBICINA (COMO CLORHIDRATO) 20MG,GENERICO,,45,INY,0.25,1.25,0,ACTIVO
7195,DEXRAZOXANO (COMO CLORHIDRATO) 500MG,GENERICO,,45,TAB,0.25,1.25,0,ACTIVO
7196,DOCETAXEL 20MG,GENERICO,,45,INY,0.25,1.25,0,ACTIVO
7197,DOCETAXEL 80MG,GENERICO,,45,TAB,0.25,1.25,0,ACTIVO
7198,DOXORUBICINA CLORHIDRATO 10MG,GENERICO,,45,INY,0.25,1.25,0,ACTIVO
7199,DOXORUBICINA CLORHIDRATO 50MG,GENERICO,,45,TAB,0.25,1.25,0,ACTIVO
7200,EPIRUBICINA CLORHIDRATO 10MG,GENERICO,,45,INY,0.25,1.25,0,ACTIVO
7201,EPIRUBICINA CLORHIDRATO 50MG,GENERICO,,45,INY,0.25,1.25,0,ACTIVO
7202,ERLOTINIB (COMO CLORHIDRATO) 150MG,GENERICO,,45,INY,0.25,1.25,0,ACTIVO
7203,ETOPÓSIDO 20MG/ML,GENERICO,,45,INY,0.25,1.25,0,ACTIVO
7204,ETOPÓSIDO 50MG,GENERICO,,45,INY,0.25,1.25,0,ACTIVO
7205,FILGRASTIM 30 000 000UI,GENERICO,,45,INY,0.25,1.25,0,ACTIVO
7206,FILGRASTIM 48 000 000UI,GENERICO,,45,INY,0.25,1.25,0,ACTIVO
7207,FLUDARABINA FOSFATO 50MG,GENERICO,,45,INY,0.25,1.25,0,ACTIVO
7208,FLUOROURACILO 50MG/ML,GENERICO,,45,INY,0.25,1.25,0,ACTIVO
7209,FLUOROURACILO 50MG/ML,GENERICO,,45,INY,0.25,1.25,0,ACTIVO
7210,FOLINATO CÁLCICO EQUIV 15MG ÁCIDO FOLÍNICO,GENERICO,,45,INY,0.25,1.25,0,ACTIVO
7211,FOLINATO CÁLCICO EQUIV 50MG ÁCIDO FOLÍNICO,GENERICO,,45,TAB,0.25,1.25,0,ACTIVO
7212,GEMCITABINA (COMO CLORHIDRATO) 1G,GENERICO,,45,INY,0.25,1.25,0,ACTIVO
7213,GEMCITABINA (COMO CLORHIDRATO) 200MG,GENERICO,,45,INY,0.25,1.25,0,ACTIVO
7214,HIDROXICARBAMIDA 500MG,GENERICO,,45,TAB,0.25,1.25,0,ACTIVO
7215,IFOSFAMIDA 1G,GENERICO,,45,TAB,0.25,1.25,0,ACTIVO
7216,IMATINIB (COMO MESILATO) 100MG,GENERICO,,45,TAB,0.25,1.25,0,ACTIVO
7217,IMATINIB (COMO MESILATO) 400MG,GENERICO,,45,TAB,0.25,1.25,0,ACTIVO
7218,IRINOTECAN CLORHIDRATO 100MG/5ML,GENERICO,,45,TAB,0.25,1.25,0,ACTIVO
7219,MELFALAN 2MG,GENERICO,,45,INY,0.25,1.25,0,ACTIVO
7220,MELFALAN (COMO CLORHIDRATO) 50MG,GENERICO,,45,INY,0.25,1.25,0,ACTIVO
7221,MERCAPTOPURINA 50MG,GENERICO,,45,TAB,0.25,1.25,0,ACTIVO
7222,MESNA 100MG/ML,GENERICO,,45,INY,0.25,1.25,0,ACTIVO
7223,METOTREXATO (COMO BASE O SAL SÓDICA) 2.5MG,GENERICO,,45,INY,0.25,1.25,0,ACTIVO
7224,METOTREXATO (COMO SAL SÓDICA) 500MG,GENERICO,,45,INY,0.25,1.25,0,ACTIVO
7225,METOTREXATO (COMO SAL SÓDICA) CON PRESERVANTE 50MG,GENERICO,,45,TAB,0.25,1.25,0,ACTIVO
7226,METOTREXATO (COMO SAL SÓDICA) SIN PRESERVANTE 50MG,GENERICO,,45,TAB,0.25,1.25,0,ACTIVO
7227,MITOMICINA 2MG,GENERICO,,45,TAB,0.25,1.25,0,ACTIVO
7228,MITOMICINA 20MG,GENERICO,,45,TAB,0.25,1.25,0,ACTIVO
7229,MITOXANTRONA (COMO DICLORHIDRATO) 20MG,GENERICO,,45,TAB,0.25,1.25,0,ACTIVO
7230,OXALIPLATINO 100MG,GENERICO,,45,INY,0.25,1.25,0,ACTIVO
7231,OXALIPLATINO 50MG,GENERICO,,45,TAB,0.25,1.25,0,ACTIVO
7232,PACLITAXEL 100MG,GENERICO,,45,TAB,0.25,1.25,0,ACTIVO
7233,PACLITAXEL 300MG,GENERICO,,45,INY,0.25,1.25,0,ACTIVO
7234,PACLITAXEL 30MG,GENERICO,,45,TAB,0.25,1.25,0,ACTIVO
7235,PROCARBAZINA (COMO CLORHIDRATO) 50MG,GENERICO,,45,TAB,0.25,1.25,0,ACTIVO
7236,RITUXIMAB 10MG/ML,GENERICO,,45,TAB,0.25,1.25,0,ACTIVO
7237,RITUXIMAB 10MG/ML,GENERICO,,45,TAB,0.25,1.25,0,ACTIVO
7238,SUNITINIB (COMO MALATO) 25MG,GENERICO,,45,INY,0.25,1.25,0,ACTIVO
7239,TALIDOMIDA 100MG,GENERICO,,45,TAB,0.25,1.25,0,ACTIVO
7240,TEMOZOLOMIDA 250MG,GENERICO,,45,INY,0.25,1.25,0,ACTIVO
7241,TEMOZOLOMIDA 100MG,GENERICO,,45,TAB,0.25,1.25,0,ACTIVO
7242,TIOGUANINA 40MG,GENERICO,,45,TAB,0.25,1.25,0,ACTIVO
7243,TRASTUZUMAB 21MG/ML,GENERICO,,45,TAB,0.25,1.25,0,ACTIVO
7244,TRASTUZUMAB 600MG,GENERICO,,45,TAB,0.25,1.25,0,ACTIVO
7245,TRETINOINA 10MG,GENERICO,,45,TAB,0.25,1.25,0,ACTIVO
7246,VINBLASTINA SULFATO 10MG,GENERICO,,45,INY,0.25,1.25,0,ACTIVO
7247,VINCRISTINA SULFATO 1MG,GENERICO,,45,INY,0.25,1.25,0,ACTIVO
7248,VINORELBINA (COMO TARTRATO O DITARTRATO) 50MG,GENERICO,,45,INY,0.25,1.25,0,ACTIVO
7249,8.3 HORMONAS Y ANTIHORMONAS ,GENERICO,,45,INY,0.25,1.25,0,ACTIVO
7250,ANASTROZOL 1MG,GENERICO,,45,LIQ ORAL,0.25,1.25,0,ACTIVO
7251,BICALUTAMIDA 150MG,GENERICO,,45,TAB,0.25,1.25,0,ACTIVO
7252,BICALUTAMIDA 50MG,GENERICO,,45,LIQ ORAL,0.25,1.25,0,ACTIVO
7253,FLUTAMIDA 250MG,GENERICO,,45,TAB,0.25,1.25,0,ACTIVO
7254,CIPROTERONA ACETATO 50MG,GENERICO,,45,INY,0.25,1.25,0,ACTIVO
7255,DEXAMETASONA FOSFATO (COMO SAL SÓDICA) 4MG/ML,GENERICO,,45,TAB,0.25,1.25,0,ACTIVO
7256,DEXAMETASONA 4MG,GENERICO,,45,INY,0.25,1.25,0,ACTIVO
7257,DIETILESTILBESTROL 1MG,GENERICO,,45,TAB,0.25,1.25,0,ACTIVO
7258,LEUPRORELINA ACETATO 7.5MG,GENERICO,,45,INY,0.25,1.25,0,ACTIVO
7259,PREDNISONA 20MG,GENERICO,,45,INY,0.25,1.25,0,ACTIVO
7260,PREDNISONA 50MG,GENERICO,,45,INY,0.25,1.25,0,ACTIVO
7261,PREDNISONA 5MG,GENERICO,,45,INY,0.25,1.25,0,ACTIVO
7262,TAMOXIFENO (COMO CITRATO) 20MG,GENERICO,,45,INY,0.25,1.25,0,ACTIVO
7263,TRIPTORELINA (COMO ACETATO O PAMOATO) 3.75MG,GENERICO,,45,INY,0.25,1.25,0,ACTIVO
7264,9. ANTIPARKINSONIANOS ,GENERICO,,45,TAB,0.25,1.25,0,ACTIVO
7265,BIPERIDENO CLORHIDRATO 2MG,GENERICO,,45,TAB,0.25,1.25,0,ACTIVO
7266,BIPERIDENO LACTATO 5MG/ML,GENERICO,,45,TAB DISP,0.25,1.25,0,ACTIVO
7267,LEVODOPA + CARBIDOPA 250MG + 25MG,GENERICO,,45,TAB DISP,0.25,1.25,0,ACTIVO
7268,PRAMIPEXOL DICLORHIDRATO 250MCG (0.25MG),GENERICO,,45,INY,0.25,1.25,0,ACTIVO
7269,PRAMIPEXOL DICLORHIDRATO 1MG,GENERICO,,45,INY,0.25,1.25,0,ACTIVO
7270,SELEGILINA  5MG,GENERICO,,45,INY,0.25,1.25,0,ACTIVO
7271,10. MEDICAMENTOS QUE AFECTAN A LA SANGRE ,GENERICO,,45,TAB,0.25,1.25,0,ACTIVO
7272,10.1 ANTIANÉMICOS ,GENERICO,,45,TAB,0.25,1.25,0,ACTIVO
7273,ÁCIDO FÓLICO 500MCG (0.5MG),GENERICO,,45,TAB,0.25,1.25,0,ACTIVO
7274,EPOETINA ALFA 2 000UI/ML,GENERICO,,45,TAB,0.25,1.25,0,ACTIVO
7275,EPOETINA ALFA 4 000UI/ML,GENERICO,,45,TAB,0.25,1.25,0,ACTIVO
7276,HIDROXOCOBALAMINA 1MG/ML,GENERICO,,45,TAB SL,0.25,1.25,0,ACTIVO
7277,HIERRO (COMO SACARATO) 20MG FE/ML,GENERICO,,45,TAB,0.25,1.25,0,ACTIVO
7278,HIERRO (COMO SULFATO) 15MG FE/5ML,GENERICO,,45,TAB,0.25,1.25,0,ACTIVO
7279,HIERRO (COMO SULFATO) 60MG FE,GENERICO,,45,INY,0.25,1.25,0,ACTIVO
7280,HIERRO (COMO SULFATO) 25MG FE/ML,GENERICO,,45,TAB,0.25,1.25,0,ACTIVO
7281,HIERRO (COMO SULFATO) + ÁCIDO FÓLICO 60MG FE + 400MCG,GENERICO,,45,INY,0.25,1.25,0,ACTIVO
7282,10.2 MEDICAMENTOS QUE AFECTAN A LA COAGULACIÓN ,GENERICO,,45,TAB,0.25,1.25,0,ACTIVO
7283,ÁCIDO TRANEXÁMICO 1G,GENERICO,,45,INY,0.25,1.25,0,ACTIVO
7284,ÁCIDO TRANEXÁMICO 250MG,GENERICO,,45,INY,0.25,1.25,0,ACTIVO
7285,DALTEPARINA SÓDICA 25 000UI/ML,GENERICO,,45,TAB,0.25,1.25,0,ACTIVO
7286,DABIGATRAN ETEXILATO 110MG,GENERICO,,45,TAB,0.25,1.25,0,ACTIVO
7287,ENOXAPARINA SÓDICA 100MG/ML,GENERICO,,45,TAB,0.25,1.25,0,ACTIVO
7288,ENOXAPARINA SÓDICA 100MG/ML,GENERICO,,45,TAB,0.25,1.25,0,ACTIVO
7289,ENOXAPARINA SÓDICA 100MG/ML,GENERICO,,45,INY,0.25,1.25,0,ACTIVO
7290,HEPARINA SÓDICA 5 000UI/ML,GENERICO,,45,TAB,0.25,1.25,0,ACTIVO
7291,FITOMENADIONA 10MG/ML,GENERICO,,45,INY,0.25,1.25,0,ACTIVO
7292,PROTAMINA SULFATO 10MG/ML,GENERICO,,45,TAB,0.25,1.25,0,ACTIVO
7293,WARFARINA SÓDICA 1MG,GENERICO,,45,TAB,0.25,1.25,0,ACTIVO
7294,WARFARINA SÓDICA 5MG,GENERICO,,45,TAB,0.25,1.25,0,ACTIVO
7295,10.3 OTROS MEDICAMENTOS PARA HEMOGLOBINOPATIAS ,GENERICO,,45,TAB,0.25,1.25,0,ACTIVO
7296,DEFERASIROX 500MG,GENERICO,,45,TAB LIB MODIF,0.25,1.25,0,ACTIVO
7297,DEFERASIROX 250MG,GENERICO,,45,TAB,0.25,1.25,0,ACTIVO
7298,11. PRODUCTOS SANGUÍNEOS Y SUCEDÁNEOS DEL PLASMA ,GENERICO,,45,TAB,0.25,1.25,0,ACTIVO
7299,11.1 FACTORES DE COAGULACIÓN SANGUÍNEO ,GENERICO,,45,TAB,0.25,1.25,0,ACTIVO
7300,CONCENTRADO DE FACTOR VIII ,GENERICO,,45,TAB,0.25,1.25,0,ACTIVO
7301,"CONCENTRADO DE COMPLEJO FACTOR IX (FACTOR II, VII, IX, X) ",GENERICO,,45,TAB,0.25,1.25,0,ACTIVO
7302,11.2 SUCEDÁNEOS DEL PLASMA ,GENERICO,,45,TAB,0.25,1.25,0,ACTIVO
7303,GELATINA 3.5% - 4%,GENERICO,,45,TAB,0.25,1.25,0,ACTIVO
7304,12. MEDICAMENTOS CARDIOVASCULARES ,GENERICO,,45,TAB,0.25,1.25,0,ACTIVO
7305,12.1 ANTIANGINOSOS ,GENERICO,,45,INY,0.25,1.25,0,ACTIVO
7306,ATENOLOL 100MG,GENERICO,,45,TAB,0.25,1.25,0,ACTIVO
7307,ATENOLOL 50MG,GENERICO,,45,TAB,0.25,1.25,0,ACTIVO
7308,BISOPROLOL FUMARATO 5MG,GENERICO,,45,INY,0.25,1.25,0,ACTIVO
7309,DILTIAZEM CLORHIDRATO 60MG,GENERICO,,45,TAB,0.25,1.25,0,ACTIVO
7310,ISOSORBIDA DINITRATO 10MG,GENERICO,,45,TAB,0.25,1.25,0,ACTIVO
7311,ISOSORBIDA DINITRATO 5MG,GENERICO,,45,TAB,0.25,1.25,0,ACTIVO
7312,ISOSORBIDA MONONITRATO 20MG,GENERICO,,45,LIQ ORAL,0.25,1.25,0,ACTIVO
7313,ISOSORBIDA MONONITRATO 40MG,GENERICO,,45,INY,0.25,1.25,0,ACTIVO
7314,GLICEROLTRINITRATO 5MG/ML,GENERICO,,45,INY,0.25,1.25,0,ACTIVO
7315,VERAPAMILO CLORHIDRATO 80MG,GENERICO,,45,TAB,0.25,1.25,0,ACTIVO
7316,12.2 ANTIARRÍTMICOS ,GENERICO,,45,TAB,0.25,1.25,0,ACTIVO
7317,ADENOSINA 3MG/ML,GENERICO,,45,INY,0.25,1.25,0,ACTIVO
7318,AMIODARONA CLORHIDRATO 200MG,GENERICO,,45,INY,0.25,1.25,0,ACTIVO
7319,AMIODARONA CLORHIDRATO 50MG/ML,GENERICO,,45,INY,0.25,1.25,0,ACTIVO
7320,ATENOLOL 500MCG/ML (0.5MG/ML),GENERICO,,45,INY,0.25,1.25,0,ACTIVO
7321,ATENOLOL 100MG,GENERICO,,45,TAB,0.25,1.25,0,ACTIVO
7322,ATENOLOL 50MG,GENERICO,,45,TAB,0.25,1.25,0,ACTIVO
7323,BISOPROLOL FUMARATO 5MG,GENERICO,,45,TAB,0.25,1.25,0,ACTIVO
7324,DIGOXINA 250MCG (0.25MG),GENERICO,,45,TAB,0.25,1.25,0,ACTIVO
7325,VERAPAMILO CLORHIDRATO 2.5MG/ML,GENERICO,,45,TAB,0.25,1.25,0,ACTIVO
7326,VERAPAMILO CLORHIDRATO 80MG,GENERICO,,45,INY,0.25,1.25,0,ACTIVO
7327,LIDOCAÍNA CLORHIDRATO SIN PRESERVANTE SIN EPINEFRINA 0.02,GENERICO,,45,INY,0.25,1.25,0,ACTIVO
7328,PROPAFENONA CLORHIDRATO 150MG,GENERICO,,45,TAB,0.25,1.25,0,ACTIVO
7329,12.3 ANTIHIPERTENSIVOS ,GENERICO,,45,TAB,0.25,1.25,0,ACTIVO
7330,AMLODIPINO (COMO BESILATO) 10MG,GENERICO,,45,TAB,0.25,1.25,0,ACTIVO
7331,AMLODIPINO (COMO BESILATO) 5MG,GENERICO,,45,TAB,0.25,1.25,0,ACTIVO
7332,BISOPROLOL FUMARATO 5MG,GENERICO,,45,TAB,0.25,1.25,0,ACTIVO
7333,NIFEDIPINO 30MG,GENERICO,,45,TAB,0.25,1.25,0,ACTIVO
7334,ATENOLOL 100MG,GENERICO,,45,INY,0.25,1.25,0,ACTIVO
7335,ATENOLOL 50MG,GENERICO,,45,INY,0.25,1.25,0,ACTIVO
7336,CARVEDILOL 25MG,GENERICO,,45,TAB,0.25,1.25,0,ACTIVO
7337,CARVEDILOL 6.25MG,GENERICO,,45,CRM TOP,0.25,1.25,0,ACTIVO
7338,CARVEDILOL 12.5MG,GENERICO,,45,SOL TOP,0.25,1.25,0,ACTIVO
7339,CAPTOPRIL 25MG,GENERICO,,45,CRM TOP,0.25,1.25,0,ACTIVO
7340,ENALAPRIL MALEATO 10MG,GENERICO,,45,CRM TOP,0.25,1.25,0,ACTIVO
7341,ENALAPRIL MALEATO 20MG,GENERICO,,45,UNG TOP,0.25,1.25,0,ACTIVO
7342,LABETALOL 5MG/ML,GENERICO,,45,POM,0.25,1.25,0,ACTIVO
7343,HIDROCLOROTIAZIDA 25MG,GENERICO,,45,POM,0.25,1.25,0,ACTIVO
7344,METILDOPA 250MG,GENERICO,,45,CRM TOP,0.25,1.25,0,ACTIVO
7345,NITROPRUSIATO SÓDICO 50MG,GENERICO,,45,CRM TOP,0.25,1.25,0,ACTIVO
7346,LOSARTÁN POTÁSICO 50MG,GENERICO,,45,CRM TOP,0.25,1.25,0,ACTIVO
7347,12.4 MEDICAMENTOS UTILIZADOS EN INSUFICIENCIA CARDIACA ,GENERICO,,45,CRM TOP,0.25,1.25,0,ACTIVO
7348,BISOPROLOL FUMARATO 5MG,GENERICO,,45,CRM TOP,0.25,1.25,0,ACTIVO
7349,DIGOXINA 250MCG (0.25MG),GENERICO,,45,LOC,0.25,1.25,0,ACTIVO
7350,DIGOXINA 50MCG/ML (0.05MG/ML),GENERICO,,45,GEL TOP,0.25,1.25,0,ACTIVO
7351,DOBUTAMINA (COMO CLORHIDRATO) 12.5MG/ML,GENERICO,,45,LOC,0.25,1.25,0,ACTIVO
7352,FUROSEMIDA 10MG/ML,GENERICO,,45,LOC,0.25,1.25,0,ACTIVO
7353,FUROSEMIDA 40MG,GENERICO,,45,CRM TOP,0.25,1.25,0,ACTIVO
7354,HIDROCLOROTIAZIDA 25MG,GENERICO,,45,TAB,0.25,1.25,0,ACTIVO
7355,LANATÓSIDO C 200MCG/ML (0.2MG/ML),GENERICO,,45,TAB,0.25,1.25,0,ACTIVO
7356,DOPAMINA CLORHIDRATO 40MG/ML,GENERICO,,45,CRM TOP/POM/PAS,0.25,1.25,0,ACTIVO
7357,EPINEFRINA (COMO CLORHIDRATO O TARTRATO ÁCIDO) 1MG/ML,GENERICO,,45,BARRA/LAPIZ,0.25,1.25,0,ACTIVO
7358,NOREPINEFRINA (COMO TARTRATO ÁCIDO) 1MG/ML,GENERICO,,45,INY,0.25,1.25,0,ACTIVO
7359,CARVEDILOL 25MG,GENERICO,,45,SOL OFT,0.25,1.25,0,ACTIVO
7360,CARVEDILOL 12.5MG,GENERICO,,45,SOL OFT,0.25,1.25,0,ACTIVO
7361,CARVEDILOL 6.25MG,GENERICO,,45,LIQ ORAL,0.25,1.25,0,ACTIVO
7362,12.5 ANTITROMBÓTICOS ,GENERICO,,45,SUS REC,0.25,1.25,0,ACTIVO
7363,ÁCIDO ACETILSALICÍLICO 80-100MG,GENERICO,,45,INY,0.25,1.25,0,ACTIVO
7364,CLOPIDOGREL (COMO BISULFATO) 75MG,GENERICO,,45,INY,0.25,1.25,0,ACTIVO
7365,ESTREPTOQUINASA 1 500 000UI,GENERICO,,45,INY,0.25,1.25,0,ACTIVO
7366,ALTEPLASA 50MG,GENERICO,,45,INY,0.25,1.25,0,ACTIVO
7367,12.6 HIPOLIPIDEMIANTES ,GENERICO,,45,INY,0.25,1.25,0,ACTIVO
7368,ATORVASTATINA (COMO SAL CÁLCICA) 10MG,GENERICO,,45,INY,0.25,1.25,0,ACTIVO
7369,ATORVASTATINA (COMO SAL CÁLCICA) 20MG,GENERICO,,45,INY,0.25,1.25,0,ACTIVO
7370,ATORVASTATINA (COMO SAL CÁLCICA) 40MG,GENERICO,,45,INY,0.25,1.25,0,ACTIVO
7371,SIMVASTATINA 40MG,GENERICO,,45,INY,0.25,1.25,0,ACTIVO
7372,SIMVASTATINA 20MG,GENERICO,,45,INY,0.25,1.25,0,ACTIVO
7373,GEMFIBROZILO 600MG,GENERICO,,45,SUP,0.25,1.25,0,ACTIVO
7374,12.7 OTROS MEDICAMENTOS CARDIOVASCULARES ,GENERICO,,45,TAB LIB MODIF,0.25,1.25,0,ACTIVO
7375,INDOMETACINA (COMO SAL SÓDICA) 1MG,GENERICO,,45,PLV,0.25,1.25,0,ACTIVO
7376,NIMODIPINO 200MCG/ML (0.2MG/ML),GENERICO,,45,SOL REC,0.25,1.25,0,ACTIVO
7377,NIMODIPINO 30MG,GENERICO,,45,LIQ ORAL,0.25,1.25,0,ACTIVO
7378,13. MEDICAMENTOS DERMATOLÓGICOS (TÓPICOS) ,GENERICO,,45,SOL TOP,0.25,1.25,0,ACTIVO
7379,13.1 ANTIFÚNGICOS ,GENERICO,,45,SOL TOP,0.25,1.25,0,ACTIVO
7380,CLOTRIMAZOL 0.01,GENERICO,,45,SOL TOP,0.25,1.25,0,ACTIVO
7381,CLOTRIMAZOL 0.01,GENERICO,,45,SOL TOP,0.25,1.25,0,ACTIVO
7382,13.2 ANTIINFECCIOSOS ,GENERICO,,45,SOL TOP,0.25,1.25,0,ACTIVO
7383,ÁCIDO FUSÍDICO 0.02,GENERICO,,45,SOL,0.25,1.25,0,ACTIVO
7384,MUPIROCINA (COMO MUPIROCINA CÁLCICA) 0.02,GENERICO,,45,SOL,0.25,1.25,0,ACTIVO
7385,MUPIROCINA 0.02,GENERICO,,45,TAB,0.25,1.25,0,ACTIVO
7386,NITROFURAL 0.002,GENERICO,,45,TAB,0.25,1.25,0,ACTIVO
7387,NITROFURAL 0.002,GENERICO,,45,INY,0.25,1.25,0,ACTIVO
7388,SULFADIAZINA DE PLATA 0.01,GENERICO,,45,LIQ ORAL,0.25,1.25,0,ACTIVO
7389,SULFADIAZINA DE PLATA 0.01,GENERICO,,45,TAB,0.25,1.25,0,ACTIVO
7390,13.3 ANTIINFLAMATORIOS Y ANTIPRURIGINOSOS ,GENERICO,,45,TAB,0.25,1.25,0,ACTIVO
7391,BETAMETASONA (COMO DIPROPIONATO) 0.0005,GENERICO,,45,TAB,0.25,1.25,0,ACTIVO
7392,CLOBETASOL PROPIONATO 0.0005,GENERICO,,45,INY,0.25,1.25,0,ACTIVO
7393,HIDROCORTISONA (COMO ACETATO) 0.01,GENERICO,,45,LIQ ORAL,0.25,1.25,0,ACTIVO
7394,TRIAMCINOLONA ACETONIDO 0.00025,GENERICO,,45,LIQ ORAL,0.25,1.25,0,ACTIVO
7395,13.4 MEDICAMENTOS QUE AFECTAN LA DIFERENCIACIÓN Y PROLIFERACIÓN DE LA PIEL ,GENERICO,,45,TAB LIB MODIF,0.25,1.25,0,ACTIVO
7396,BENZOILO PERÓXIDO 4-5%,GENERICO,,45,INY,0.25,1.25,0,ACTIVO
7397,13.5 ESCABICIDAS Y PEDICULICIDAS ,GENERICO,,45,INY,0.25,1.25,0,ACTIVO
7398,BENCILO BENZOATO 0.25,GENERICO,,45,TAB,0.25,1.25,0,ACTIVO
7399,PERMETRINA 0.01,GENERICO,,45,TAB,0.25,1.25,0,ACTIVO
7400,PERMETRINA 0.05,GENERICO,,45,INY,0.25,1.25,0,ACTIVO
7401,13.6 OTROS MEDICAMENTOS DERMATOLÓGICOS ,GENERICO,,45,TAB,0.25,1.25,0,ACTIVO
7402,ACITRETINA 25MG,GENERICO,,45,INY,0.25,1.25,0,ACTIVO
7403,ISOTRETINOINA 20MG,GENERICO,,45,LIQ ORAL,0.25,1.25,0,ACTIVO
7404,ÓXIDO DE ZINC 10-40%,GENERICO,,45,TAB,0.25,1.25,0,ACTIVO
7405,NITRATO DE PLATA ,GENERICO,,45,TAB,0.25,1.25,0,ACTIVO
7406,14. AGENTES DE DIAGNÓSTICO ,GENERICO,,45,INY,0.25,1.25,0,ACTIVO
7407,14.1 MEDICAMENTOS OFTÁLMICOS ,GENERICO,,45,TAB,0.25,1.25,0,ACTIVO
7408,FLUORESCEÍNA SÓDICA 0.1,GENERICO,,45,SUP,0.25,1.25,0,ACTIVO
7409,CICLOPENTOLATO CLORHIDRATO 0.01,GENERICO,,45,INY,0.25,1.25,0,ACTIVO
7410,FENILEFRINA CLORHIDRATO 0.025,GENERICO,,45,INY,0.25,1.25,0,ACTIVO
7411,14.2 MEDIOS DE CONTRASTE RADIOLÓGICO ,GENERICO,,45,INY,0.25,1.25,0,ACTIVO
7412,BARIO SULFATO ,GENERICO,,45,TAB,0.25,1.25,0,ACTIVO
7413,BARIO SULFATO ,GENERICO,,45,SUP,0.25,1.25,0,ACTIVO
7414,IOTALAMATO MEGLUMINA 0.6,GENERICO,,45,LIQ ORAL,0.25,1.25,0,ACTIVO
7415,IOHEXOL EQUIV 300MG IODO/ML,GENERICO,,45,PLV,0.25,1.25,0,ACTIVO
7416,IOHEXOL EQUIV 300MG IODO/ML,GENERICO,,45,LIQ ORAL,0.25,1.25,0,ACTIVO
7417,IOHEXOL EQUIV 350MG IODO/ML,GENERICO,,45,TAB,0.25,1.25,0,ACTIVO
7418,IOHEXOL EQUIV 350MG IODO/ML,GENERICO,,45,INY,0.25,1.25,0,ACTIVO
7419,IOPAMIDOL EQUIV 300MG IODO/ML,GENERICO,,45,TAB,0.25,1.25,0,ACTIVO
7420,IOPAMIDOL EQUIV 300MG IODO/ML,GENERICO,,45,TAB,0.25,1.25,0,ACTIVO
7421,IOPAMIDOL EQUIV 370MG IODO/ML,GENERICO,,45,INY,0.25,1.25,0,ACTIVO
7422,IOPAMIDOL EQUIV 370MG IODO/ML,GENERICO,,45,LIQ ORAL,0.25,1.25,0,ACTIVO
7423,GADOPENTETATO MEGLUMINA 469.01MG/ML,GENERICO,,45,TAB,0.25,1.25,0,ACTIVO
7424,MEDICAMENTOS PARA AYUDA AL DIAGNÓSTICO ,GENERICO,,45,TAB,0.25,1.25,0,ACTIVO
7425,BISACODILO 10MG,GENERICO,,45,INY,0.25,1.25,0,ACTIVO
7426,BISACODILO 5MG,GENERICO,,45,INY,0.25,1.25,0,ACTIVO
7427,MACROGOL 3350 + POTASIO CLORURO + SODIO CLORURO + SODIO BICARBONATO CON O SIN SODIO SULFATO ,GENERICO,,45,INY,0.25,1.25,0,ACTIVO
7428,SODIO FOSFATO MONOBÁSICO + SODIO FOSFATO DIBÁSICO 16G + 6G/100ML,GENERICO,,45,TAB,0.25,1.25,0,ACTIVO
7429,SIMETICONA 80MG/ML O MAS,GENERICO,,45,TAB,0.25,1.25,0,ACTIVO
7430,15. ANTISÉPTICOS Y DESINFECTANTES ,GENERICO,,45,TAB,0.25,1.25,0,ACTIVO
7431,15.1 ANTISÉPTICOS ,GENERICO,,45,LIQ ORAL,0.25,1.25,0,ACTIVO
7432,ALCOHOL ETÍLICO 70°,GENERICO,,45,INY,0.25,1.25,0,ACTIVO
7433,CLORHEXIDINA GLUCONATO 0.04,GENERICO,,45,INY,0.25,1.25,0,ACTIVO
7434,PERÓXIDO DE HIDRÓGENO 3% (10VOLS),GENERICO,,45,INY,0.25,1.25,0,ACTIVO
7435,YODO-POVIDONA 7-10%,GENERICO,,45,INY,0.25,1.25,0,ACTIVO
7436,YODO-POVIDONA 7-10%,GENERICO,,45,TAB,0.25,1.25,0,ACTIVO
7437,15.2 DESINFECTANTES ,GENERICO,,45,TAB,0.25,1.25,0,ACTIVO
7438,GLUTARAL 0.02,GENERICO,,45,INY,0.25,1.25,0,ACTIVO
7439,HIPOCLORITO SÓDICO 0.1,GENERICO,,45,INY,0.25,1.25,0,ACTIVO
7440,16. DIURÉTICOS ,GENERICO,,45,INY,0.25,1.25,0,ACTIVO
7441,ESPIRONOLACTONA 100MG,GENERICO,,45,IMPLANTE,0.25,1.25,0,ACTIVO
7442,ESPIRONOLACTONA 25MG,GENERICO,,45,TAB,0.25,1.25,0,ACTIVO
7443,FUROSEMIDA 10MG/ML,GENERICO,,45,CRM VAG,0.25,1.25,0,ACTIVO
7444,FUROSEMIDA 20MG/5ML,GENERICO,,45,TAB,0.25,1.25,0,ACTIVO
7445,FUROSEMIDA 40MG,GENERICO,,45,TAB,0.25,1.25,0,ACTIVO
7446,HIDROCLOROTIAZIDA 12.5MG,GENERICO,,45,TAB,0.25,1.25,0,ACTIVO
7447,HIDROCLOROTIAZIDA 25MG,GENERICO,,45,TAB,0.25,1.25,0,ACTIVO
7448,MANITOL 0.2,GENERICO,,45,TAB LIB MODIF,0.25,1.25,0,ACTIVO
7449,17. MEDICAMENTOS GASTROINTESTINALES ,GENERICO,,45,TAB LIB MODIF,0.25,1.25,0,ACTIVO
7450,17.1 ANTIÁCIDOS Y OTROS ANTIULCEROSOS ,GENERICO,,45,INY,0.25,1.25,0,ACTIVO
7451,17.1.1. ANTIÁCIDOS ,GENERICO,,45,INY,0.25,1.25,0,ACTIVO
7452,ALUMINIO HIDRÓXIDO + MAGNESIO HIDRÓXIDO 400MG + 400MG/5ML,GENERICO,,45,INY,0.25,1.25,0,ACTIVO
7453,BISMUTO SUBSALICILATO 87.33MG/5ML,GENERICO,,45,TAB,0.25,1.25,0,ACTIVO
7454,17.1.2 ANTIULCEROSOS ,GENERICO,,45,TAB,0.25,1.25,0,ACTIVO
7455,OMEPRAZOL 20MG,GENERICO,,45,SPR NAS,0.25,1.25,0,ACTIVO
7456,OMEPRAZOL (COMO SAL SÓDICA) 40MG,GENERICO,,45,TAB,0.25,1.25,0,ACTIVO
7457,RANITIDINA (COMO CLORHIDRATO) 25MG/ML,GENERICO,,45,TAB,0.25,1.25,0,ACTIVO
7458,RANITIDINA (COMO CLORHIDRATO) 150MG,GENERICO,,45,TAB,0.25,1.25,0,ACTIVO
7459,RANITIDINA (COMO CLORHIDRATO) 300MG,GENERICO,,45,TAB,0.25,1.25,0,ACTIVO
7460,17.2 ANTIEMÉTICOS ,GENERICO,,45,TAB,0.25,1.25,0,ACTIVO
7461,DIMENHIDRINATO 10MG/ML,GENERICO,,45,TAB,0.25,1.25,0,ACTIVO
7462,DIMENHIDRINATO 50MG,GENERICO,,45,TAB,0.25,1.25,0,ACTIVO
7463,METOCLOPRAMIDA CLORHIDRATO 5MG/ML,GENERICO,,45,TAB,0.25,1.25,0,ACTIVO
7464,METOCLOPRAMIDA CLORHIDRATO 5MG/5ML,GENERICO,,45,TAB,0.25,1.25,0,ACTIVO
7465,METOCLOPRAMIDA CLORHIDRATO 10MG,GENERICO,,45,TAB,0.25,1.25,0,ACTIVO
7466,ONDANSETRON (COMO CLORHIDRATO) 8MG,GENERICO,,45,TAB,0.25,1.25,0,ACTIVO
7467,ONDANSETRON (COMO CLORHIDRATO) 2MG/ML,GENERICO,,45,INY,0.25,1.25,0,ACTIVO
7468,17.3 ANTIINFLAMATORIOS ,GENERICO,,45,INY,0.25,1.25,0,ACTIVO
7469,SULFASALAZINA 500MG,GENERICO,,45,INY,0.25,1.25,0,ACTIVO
7470,MESALAZINA 500MG,GENERICO,,45,TAB,0.25,1.25,0,ACTIVO
7471,17.4 ANTIESPASMÓDICOS ,GENERICO,,45,INY,0.25,1.25,0,ACTIVO
7472,ATROPINA SULFATO 250MCG/ML (0.25MG/ML),GENERICO,,45,INY,0.25,1.25,0,ACTIVO
7473,ATROPINA SULFATO 500MCG/ML (0.5MG/ML),GENERICO,,45,INY,0.25,1.25,0,ACTIVO
7474,ESCOPOLAMINA BUTILBROMURO 20MG/ML,GENERICO,,45,INY,0.25,1.25,0,ACTIVO
7475,ESCOPOLAMINA BUTILBROMURO 10MG,GENERICO,,45,INY,0.25,1.25,0,ACTIVO
7476,17.5 LAXANTES ,GENERICO,,45,INY,0.25,1.25,0,ACTIVO
7477,GLICEROL ,GENERICO,,45,INY,0.25,1.25,0,ACTIVO
7478,LACTULOSA 3.1-3.7G/5ML,GENERICO,,45,INY,0.25,1.25,0,ACTIVO
7479,17.6 MEDICAMENTOS UTILIZADOS EN LA DIARREA ,GENERICO,,45,INY,0.25,1.25,0,ACTIVO
7480,17.6.1 REHIDRATACIÓN ORAL ,GENERICO,,45,INY,0.25,1.25,0,ACTIVO
7481,SALES DE REHIDRATACIÓN ORAL 20.5G/L,GENERICO,,45,INY,0.25,1.25,0,ACTIVO
7482,VER 6.1.3 COMPOSICIÓN ,GENERICO,,45,INY,0.25,1.25,0,ACTIVO
7483,17.6.2 MEDICAMENTOS PARA LA DIARREA EN NIÑOS ,GENERICO,,45,INY,0.25,1.25,0,ACTIVO
7484,ZINC SULFATO EQUIV 10MG ZN/5ML,GENERICO,,45,INY,0.25,1.25,0,ACTIVO
7485,ZINC SULFATO EQUIV 20MG ZN,GENERICO,,45,INY,0.25,1.25,0,ACTIVO
7486,17.7 OTROS MEDICAMENTOS GASTROINTESTINALES ,GENERICO,,45,INY,0.25,1.25,0,ACTIVO
7487,MONOETANOLAMINA OLEATO 0.05,GENERICO,,45,INY,0.25,1.25,0,ACTIVO
7488,"18. HORMONAS, OTROS MEDICAMENTOS ENDOCRINOS Y ANTICONCEPTIVOS ",GENERICO,,45,INY,0.25,1.25,0,ACTIVO
7489,18.1 HORMONAS SUPRARRENALES Y SUCEDÁNEOS SINTÉTICOS ,GENERICO,,45,INY,0.25,1.25,0,ACTIVO
7490,DEXAMETASONA 500MCG (0.5MG),GENERICO,,45,INY,0.25,1.25,0,ACTIVO
7491,DEXAMETASONA 4MG,GENERICO,,45,INY,0.25,1.25,0,ACTIVO
7492,DEXAMETASONA FOSFATO (COMO SAL SÓDICA) 2MG/ML,GENERICO,,45,LIQ ORAL,0.25,1.25,0,ACTIVO
7493,DEXAMETASONA (COMO BASE O DEXAMETASONA FOSFATO SÓDICO) 2MG/5ML,GENERICO,,45,INY,0.25,1.25,0,ACTIVO
7494,FLUDROCORTISONA ACETATO 100MCG (0.1MG),GENERICO,,45,INY,0.25,1.25,0,ACTIVO
7495,HIDROCORTISONA 20MG,GENERICO,,45,INY,0.25,1.25,0,ACTIVO
7496,HIDROCORTISONA (COMO SUCCINATO SÓDICO) 100MG,GENERICO,,45,INY,0.25,1.25,0,ACTIVO
7497,METILPREDNISOLONA (COMO SUCCINATO SÓDICO) 125MG,GENERICO,,45,INY,0.25,1.25,0,ACTIVO
7498,METILPREDNISOLONA (COMO SUCCINATO SÓDICO) 500MG,GENERICO,,45,INY,0.25,1.25,0,ACTIVO
7499,PREDNISONA 20MG,GENERICO,,45,INY,0.25,1.25,0,ACTIVO
7500,PREDNISONA 50MG,GENERICO,,45,INY,0.25,1.25,0,ACTIVO
7501,PREDNISONA 5MG,GENERICO,,45,INY,0.25,1.25,0,ACTIVO
7502,PREDNISONA 5MG/5ML,GENERICO,,45,INY,0.25,1.25,0,ACTIVO
7503,TRIAMCINOLONA ACETONIDO 10MG/ML,GENERICO,,45,LIQ ORAL,0.25,1.25,0,ACTIVO
7504,TRIAMCINOLONA ACETONIDO 40MG/ML,GENERICO,,45,INY,0.25,1.25,0,ACTIVO
7505,BETAMETASONA (COMO FOSFATO SÓDICO) 4MG/ML,GENERICO,,45,INY,0.25,1.25,0,ACTIVO
7506,18.2 ANDRÓGENOS ,GENERICO,,45,INY,0.25,1.25,0,ACTIVO
7507,TESTOSTERONA ENANTATO 250MG/ML (EQUIV 180MG DE TESTOSTERONA/ML),GENERICO,,45,INY,0.25,1.25,0,ACTIVO
7508,18.3 ANTICONCEPTIVOS ,GENERICO,,45,INY,0.25,1.25,0,ACTIVO
7509,18.3.1 ANTICONCEPTIVOS HORMONALES ORALES ,GENERICO,,45,INY,0.25,1.25,0,ACTIVO
7510,ETINILESTRADIOL + LEVONORGESTREL 30MCG + 150MCG,GENERICO,,45,INY,0.25,1.25,0,ACTIVO
7511,LEVONORGESTREL 750MCG,GENERICO,,45,INY,0.25,1.25,0,ACTIVO
7512,18.3.2 ANTICONCEPTIVOS HORMONALES INYECTABLES ,GENERICO,,45,TAB,0.25,1.25,0,ACTIVO
7513,ESTRADIOL CIPIONATO + MEDROXIPROGESTERONA ACETATO 5MG + 25MG,GENERICO,,45,INY,0.25,1.25,0,ACTIVO
7514,MEDROXIPROGESTERONA ACETATO 150MG/ML,GENERICO,,45,INY,0.25,1.25,0,ACTIVO
7515,NORETISTERONA ENANTATO 200MG/ML,GENERICO,,45,TAB,0.25,1.25,0,ACTIVO
7516,18.3.3 ANTICONCEPTIVOS IMPLANTABLES ,GENERICO,,45,INY,0.25,1.25,0,ACTIVO
7517,ETONOGESTREL 68MG,GENERICO,,45,INY,0.25,1.25,0,ACTIVO
7518,18.4 ESTRÓGENOS ,GENERICO,,45,INY,0.25,1.25,0,ACTIVO
7519,ESTRADIOL 1MG,GENERICO,,45,TAB,0.25,1.25,0,ACTIVO
7520,ESTRIOL 0.001,GENERICO,,45,TAB LIB MODIF,0.25,1.25,0,ACTIVO
7521,ESTRÓGENOS CONJUGADOS NATURALES 625MCG (0.625MG),GENERICO,,45,INY,0.25,1.25,0,ACTIVO
7522,ESTRÓGENOS CONJUGADOS + MEDROXIPROGESTERONA ACETATO 625MCG (0.625MG) + 2.5MG,GENERICO,,45,UNG OFT,0.25,1.25,0,ACTIVO
7523,MEDROXIPROGESTERONA ACETATO 5MG,GENERICO,,45,SOL OFT,0.25,1.25,0,ACTIVO
7524,18.5 INSULINAS Y OTROS ANTIDIABÉTICOS ,GENERICO,,45,SUS OFT,0.25,1.25,0,ACTIVO
7525,GLIBENCLAMIDA 5MG,GENERICO,,45,UNG OFT,0.25,1.25,0,ACTIVO
7526,GLICLAZIDA 30MG,GENERICO,,45,SUS OFT,0.25,1.25,0,ACTIVO
7527,GLICLAZIDA 60MG,GENERICO,,45,SOL OFT,0.25,1.25,0,ACTIVO
7528,INSULINA HUMANA (ADN RECOMBINANTE) 100UI/ML,GENERICO,,45,SOL OFT,0.25,1.25,0,ACTIVO
7529,INSULINA ISOFANA HUMANA (NPH) (ADN RECOMBINANTE) 100UI/ML,GENERICO,,45,TAB,0.25,1.25,0,ACTIVO
7530,INSULINA GLARGINA (ADN RECOMBINANTE) 100UI/ML,GENERICO,,45,SOL OFT,0.25,1.25,0,ACTIVO
7531,METFORMINA CLORHIDRATO 850MG,GENERICO,,45,SOL OFT,0.25,1.25,0,ACTIVO
7532,METFORMINA CLORHIDRATO 500MG,GENERICO,,45,SOL OFT,0.25,1.25,0,ACTIVO
7533,DESMOPRESINA ACETATO 10MCG/DOSIS,GENERICO,,45,SOL OFT,0.25,1.25,0,ACTIVO
7534,18.6 INDUCTORES DE LA OVULACIÓN ,GENERICO,,45,SOL INTRAO,0.25,1.25,0,ACTIVO
7535,CLOMIFENO CITRATO 50MG,GENERICO,,45,SOL OFT,0.25,1.25,0,ACTIVO
7536,18.7 PROGESTÁGENOS ,GENERICO,,45,SOL OFT,0.25,1.25,0,ACTIVO
7537,MEDROXIPROGESTERONA ACETATO 5MG,GENERICO,,45,INY,0.25,1.25,0,ACTIVO
7538,PROGESTERONA 100MG,GENERICO,,45,SOL OFT,0.25,1.25,0,ACTIVO
7539,18.8 HORMONAS TIROIDEAS Y ANTITIROIDEAS ,GENERICO,,45,SOL OFT,0.25,1.25,0,ACTIVO
7540,LEVOTIROXINA SÓDICA 50MCG (0.05MG),GENERICO,,45,GEL OFT,0.25,1.25,0,ACTIVO
7541,LEVOTIROXINA SÓDICA 75MCG (0.075MG),GENERICO,,45,INY,0.25,1.25,0,ACTIVO
7542,LEVOTIROXINA SÓDICA 100MCG (0.1MG),GENERICO,,45,TAB VAG,0.25,1.25,0,ACTIVO
7543,TIAMAZOL 5MG,GENERICO,,45,TAB,0.25,1.25,0,ACTIVO
7544,TIAMAZOL 20MG,GENERICO,,45,INY,0.25,1.25,0,ACTIVO
7545,18.9 INHIBIDORES DE LA PROLACTINA ,GENERICO,,45,TAB,0.25,1.25,0,ACTIVO
7546,BROMOCRIPTINA (COMO MESILATO) 2.5MG,GENERICO,,45,INY,0.25,1.25,0,ACTIVO
7547,CABERGOLINA 500MCG (0.5MG),GENERICO,,45,TAB,0.25,1.25,0,ACTIVO
7548,18.10 HORMONAS GONADOTRÓPICAS E INHIBIDORES GONADOTRÓPICOS ,GENERICO,,45,TAB,0.25,1.25,0,ACTIVO
7549,DANAZOL 200MG,GENERICO,,45,SOL DIA,0.25,1.25,0,ACTIVO
7550,LEUPRORELINA ACETATO 3.75MG,GENERICO,,45,SOL DIA,0.25,1.25,0,ACTIVO
7551,MENOTROPINA 75UI,GENERICO,,45,SOL DIA,0.25,1.25,0,ACTIVO
7552,GONADOTROFINA CORIÓNICA 5 000UI,GENERICO,,45,SOL DIA,0.25,1.25,0,ACTIVO
7553,18.11 MODIFICADORES DEL METABOLISMO DEL CALCIO ,GENERICO,,45,SOL DIA,0.25,1.25,0,ACTIVO
7554,ÁCIDO ALENDRÓNICO (COMO ALENDRONATO SÓDICO) 70MG,GENERICO,,45,SOL DIA,0.25,1.25,0,ACTIVO
7555,ÁCIDO ZOLEDRÓNICO 4MG,GENERICO,,45,SOL DIA,0.25,1.25,0,ACTIVO
7556,PAMIDRONATO DISÓDICO 90MG,GENERICO,,45,SOL DIA,0.25,1.25,0,ACTIVO
7557,19. INMUNOLÓGICOS ,GENERICO,,45,TAB,0.25,1.25,0,ACTIVO
7558,19.1 AGENTES DE DIAGNÓSTICO ,GENERICO,,45,TAB,0.25,1.25,0,ACTIVO
7559,DERIVADO PROTEICO PURIFICADO DE TUBERCULINA ,GENERICO,,45,TAB,0.25,1.25,0,ACTIVO
7560,19.2 SUEROS E INMUNOGLOBULINAS ,GENERICO,,45,INY,0.25,1.25,0,ACTIVO
7561,SUERO ANTIRRÁBICO ,GENERICO,,45,TAB,0.25,1.25,0,ACTIVO
7562,SUERO ANTIBOTRÓPICO[1] ,GENERICO,,45,TAB,0.25,1.25,0,ACTIVO
7563,SUERO ANTICROTÁLICO5 ,GENERICO,,45,INY,0.25,1.25,0,ACTIVO
7564,SUERO ANTILACHÉSICO5 ,GENERICO,,45,TAB,0.25,1.25,0,ACTIVO
7565,SUERO ANTILOXOSCÉLICO ,GENERICO,,45,TAB,0.25,1.25,0,ACTIVO
7566,ANTITOXINA TETÁNICA ,GENERICO,,45,LIQ ORAL,0.25,1.25,0,ACTIVO
7567,ANTITOXINA DIFTÉRICA ,GENERICO,,45,INY,0.25,1.25,0,ACTIVO
7568,INMUNOGLOBULINA ANTI-D (RH0) ,GENERICO,,45,INY,0.25,1.25,0,ACTIVO
7569,INMUNOGLOBULINA CONTRA EL TÉTANOS ,GENERICO,,45,LIQ ORAL,0.25,1.25,0,ACTIVO
7570,INMUNOGLOBULINA CONTRA LA HEPATITIS B ,GENERICO,,45,TAB,0.25,1.25,0,ACTIVO
7571,INMUNOGLOBULINA CONTRA LA RABIA ,GENERICO,,45,TAB,0.25,1.25,0,ACTIVO
7572,INMUNOGLOBULINA HUMANA NORMAL 0.05,GENERICO,,45,TAB,0.25,1.25,0,ACTIVO
7573,19.3 VACUNAS ,GENERICO,,45,TAB,0.25,1.25,0,ACTIVO
7574,VACUNA CONTRA EL TÉTANOS[2] ,GENERICO,,45,TAB,0.25,1.25,0,ACTIVO
7575,VACUNA CONTRA EL NEUMOCOCO (PEDIÁTRICO) ,GENERICO,,45,TAB,0.25,1.25,0,ACTIVO
7576,VACUNA CONTRA EL NEUMOCOCO (ADULTO) ,GENERICO,,45,TAB,0.25,1.25,0,ACTIVO
7577,VACUNA CONTRA LA DIFTERIA (PEDIÁTRICO)6 ,GENERICO,,45,TAB,0.25,1.25,0,ACTIVO
7578,VACUNA CONTRA LA DIFTERIA (ADULTO)6 ,GENERICO,,45,TAB,0.25,1.25,0,ACTIVO
7579,VACUNA CONTRA EL MENINGOCOCO ,GENERICO,,45,TAB,0.25,1.25,0,ACTIVO
7580,VACUNA CONTRA EL ROTAVIRUS ,GENERICO,,45,TAB,0.25,1.25,0,ACTIVO
7581,VACUNA CONTRA EL SARAMPIÓN6 ,GENERICO,,45,TAB LIB MODIF,0.25,1.25,0,ACTIVO
7582,VACUNA CONTRA EL HAEMOPHILUS INFLUENZAE TIPO B (HIB)6 ,GENERICO,,45,TAB,0.25,1.25,0,ACTIVO
7583,VACUNA CONTRA LA FIEBRE AMARILLA ,GENERICO,,45,TAB,0.25,1.25,0,ACTIVO
7584,VACUNA CONTRA LA HEPATITIS A ,GENERICO,,45,TAB,0.25,1.25,0,ACTIVO
7585,VACUNA CONTRA LA HEPATITIS B (HVB PEDIÁTRICO)6 ,GENERICO,,45,INY,0.25,1.25,0,ACTIVO
7586,VACUNA CONTRA LA HEPATITIS B (HVB ADULTO)6 ,GENERICO,,45,TAB,0.25,1.25,0,ACTIVO
7587,VACUNA CONTRA EL VIRUS DE LA INFLUENZA HSUR (PEDIÁTRICO) ,GENERICO,,45,TAB,0.25,1.25,0,ACTIVO
7588,VACUNA CONTRA EL VIRUS DE LA INFLUENZA HSUR (ADULTO) ,GENERICO,,45,TAB,0.25,1.25,0,ACTIVO
7589,VACUNA CONTRA LA TOS FERINA6 ,GENERICO,,45,TAB,0.25,1.25,0,ACTIVO
7590,VACUNA CONTRA LA POLIOMIELITIS (IPV) ,GENERICO,,45,TAB,0.25,1.25,0,ACTIVO
7591,VACUNA CONTRA LA POLIOMIELITIS (OPV) ,GENERICO,,45,TAB,0.25,1.25,0,ACTIVO
7592,VACUNA CONTRA LA RABIA (PREPARADO EN CEREBRO RATÓN LACTANTE) ,GENERICO,,45,TAB,0.25,1.25,0,ACTIVO
7593,VACUNA CONTRA LA RABIA INACTIVADA (PREPARADO EN CULTIVO CELULAR) ,GENERICO,,45,TAB,0.25,1.25,0,ACTIVO
7594,VACUNA CONTRA LA RUBEOLA6 ,GENERICO,,45,TAB LIB MODIF,0.25,1.25,0,ACTIVO
7595,VACUNA CONTRA LA TUBERCULOSIS (BCG) ,GENERICO,,45,INY,0.25,1.25,0,ACTIVO
7596,VACUNA CONTRA LAS PAROTIDITIS6 ,GENERICO,,45,AER INH,0.25,1.25,0,ACTIVO
7597,VACUNA CONTRA LA VARICELA ,GENERICO,,45,AER INH,0.25,1.25,0,ACTIVO
7598,VACUNA CONTRA EL VIRUS DEL PAPILOMA HUMANO ,GENERICO,,45,AER INH,0.25,1.25,0,ACTIVO
7599,20. INHIBIDORES DE LA COLINESTERASA Y RELAJANTES MUSCULARES ,GENERICO,,45,AER INH,0.25,1.25,0,ACTIVO
7600,20.1 INHIBIDORES DE LA COLINESTERASA Y RELAJANTES MUSCULARES DE ACCIÓN PERIFÉRICA ,GENERICO,,45,INY,0.25,1.25,0,ACTIVO
7601,ATRACURIO BESILATO 10MG/ML,GENERICO,,45,AER INH,0.25,1.25,0,ACTIVO
7602,NEOSTIGMINA BROMURO 15MG,GENERICO,,45,AER INH,0.25,1.25,0,ACTIVO
7603,NEOSTIGMINA METILSULFATO 500MCG/ML (0.5MG/ML),GENERICO,,45,AER INH,0.25,1.25,0,ACTIVO
7604,PIRIDOSTIGMINA BROMURO 1MG/ML,GENERICO,,45,AER INH,0.25,1.25,0,ACTIVO
7605,PIRIDOSTIGMINA BROMURO 60MG,GENERICO,,45,SOL NBZ,0.25,1.25,0,ACTIVO
7606,ROCURONIO BROMURO 10MG/ML,GENERICO,,45,TAB LIB MODIF,0.25,1.25,0,ACTIVO
7607,SUXAMETONIO CLORURO 500MG,GENERICO,,45,TAB LIB MODIF,0.25,1.25,0,ACTIVO
7608,VECURONIO BROMURO 4MG,GENERICO,,45,LIQ ORAL,0.25,1.25,0,ACTIVO
7609,20.2 RELAJANTES MUSCULARES DE ACCIÓN CENTRAL ,GENERICO,,45,SOL INTRAT/SUS INTRAT,0.25,1.25,0,ACTIVO
7610,BACLOFENO 10MG,GENERICO,,45,PLV,0.25,1.25,0,ACTIVO
7611,ORFENADRINA CITRATO 100MG,GENERICO,,45,INY,0.25,1.25,0,ACTIVO
7612,ORFENADRINA CITRATO 30MG/ML,GENERICO,,45,INY,0.25,1.25,0,ACTIVO
7613,21. OFTALMOLÓGICOS ,GENERICO,,45,INY,0.25,1.25,0,ACTIVO
7614,21.1 ANTIINFECCIOSOS ,GENERICO,,45,INY,0.25,1.25,0,ACTIVO
7615,ACICLOVIR 0.03,GENERICO,,45,INY,0.25,1.25,0,ACTIVO
7616,CIPROFLOXACINO (COMO CLORHIDRATO) 0.003,GENERICO,,45,INY,0.25,1.25,0,ACTIVO
7617,NATAMICINA 0.05,GENERICO,,45,INY,0.25,1.25,0,ACTIVO
7618,TETRACICLINA CLORHIDRATO 0.01,GENERICO,,45,INY,0.25,1.25,0,ACTIVO
7619,21.2 ANTIINFLAMATORIOS ,GENERICO,,45,INY,0.25,1.25,0,ACTIVO
7620,PREDNISOLONA ACETATO 0.01,GENERICO,,45,INY,0.25,1.25,0,ACTIVO
7621,DICLOFENACO SÓDICO 0.001,GENERICO,,45,INY,0.25,1.25,0,ACTIVO
7622,21.3 ANESTÉSICOS LOCALES ,GENERICO,,45,INY,0.25,1.25,0,ACTIVO
7623,PROXIMETACAÍNA CLORHIDRATO 0.005,GENERICO,,45,INY,0.25,1.25,0,ACTIVO
7624,21.4 MIÓTICOS Y ANTIGLAUCOMATOSOS ,GENERICO,,45,INY,0.25,1.25,0,ACTIVO
7625,ACETAZOLAMIDA 250MG,GENERICO,,45,INY,0.25,1.25,0,ACTIVO
7626,LATANOPROST 0.00005,GENERICO,,45,INY,0.25,1.25,0,ACTIVO
7627,PILOCARPINA CLORHIDRATO 0.02,GENERICO,,45,INY,0.25,1.25,0,ACTIVO
7628,TIMOLOL (COMO MALEATO) 0.005,GENERICO,,45,INY,0.25,1.25,0,ACTIVO
7629,DORZOLAMIDA 0.02,GENERICO,,45,INY,0.25,1.25,0,ACTIVO
7630,CARBACOL 0.0001,GENERICO,,45,INY,0.25,1.25,0,ACTIVO
7631,21.5 MIDRIÁTICOS ,GENERICO,,45,INY,0.25,1.25,0,ACTIVO
7632,ATROPINA SULFATO 0.01,GENERICO,,45,TAB,0.25,1.25,0,ACTIVO
7633,TROPICAMIDA 0.01,GENERICO,,45,TAB,0.25,1.25,0,ACTIVO
7634,21.6 FACTOR DE CRECIMIENTO ENDOTELIAL VASCULAR ,GENERICO,,45,TAB,0.25,1.25,0,ACTIVO
7635,BEVACIZUMAB 25MG/ML,GENERICO,,45,INY,0.25,1.25,0,ACTIVO
7636,21.7 DESCONGESTIONANTES Y ANTIALÉRGICOS ,GENERICO,,45,INY,0.25,1.25,0,ACTIVO
7637,KETOTIFENO (COMO FUMARATO) 0.00025,GENERICO,,45,TAB,0.25,1.25,0,ACTIVO
7638,21.8 SUSTITUTOS LACRIMALES Y OTROS OFTALMOLÓGICOS ,GENERICO,,45,TAB,0.25,1.25,0,ACTIVO
7639,HIPROMELOSA 0.003,GENERICO,,45,LIQ ORAL,0.25,1.25,0,ACTIVO
7640,HIPROMELOSA 0.003,GENERICO,,45,INY,0.25,1.25,0,ACTIVO
7641,22. OXITÓCICOS Y ANTIOXITÓCICOS ,GENERICO,,45,TAB,0.25,1.25,0,ACTIVO
7642,22.1 OXITÓCICOS ,GENERICO,,45,TAB,0.25,1.25,0,ACTIVO
7643,ERGOMETRINA MALEATO 200MCG/ML (0.2MG/ML),GENERICO,,45,TAB,0.25,1.25,0,ACTIVO
7644,MISOPROSTOL 25MCG (0.025MG),GENERICO,,45,TAB,0.25,1.25,0,ACTIVO
7645,MISOPROSTOL 200MCG,GENERICO,,45,TAB,0.25,1.25,0,ACTIVO
7646,OXITOCINA 10UI/ML,GENERICO,,45,TAB,0.25,1.25,0,ACTIVO
7647,22.2 ANTIOXITÓCICOS ,GENERICO,,45,TAB,0.25,1.25,0,ACTIVO
7648,ISOXSUPRINA CLORHIDRATO 10MG,GENERICO,,45,INY,0.25,1.25,0,ACTIVO
7649,ISOXSUPRINA CLORHIDRATO 5MG/ML,GENERICO,,45,SPR NAS,0.25,1.25,0,ACTIVO
7650,NIFEDIPINO 10MG,GENERICO,,45,SOL OTI,0.25,1.25,0,ACTIVO
7651,SALBUTAMOL (COMO SULFATO) 4MG,GENERICO,,45,INY,0.25,1.25,0,ACTIVO
7652,23. DIÁLISIS ,GENERICO,,45,INY,0.25,1.25,0,ACTIVO
7653,23.1 SOLUCIONES PARA DIÁLISIS ,GENERICO,,45,LIQ ORAL,0.25,1.25,0,ACTIVO
7654,SOLUCIÓN CONCENTRADA PARA HEMODIÁLISIS (ÁCIDA) ,GENERICO,,45,INY,0.25,1.25,0,ACTIVO
7655,SOLUCIÓN CONCENTRADA PARA HEMODIÁLISIS CON BICARBONATO FORMULA ESTÁNDAR CON 35-39MEQ/L DE BICARBONATO,GENERICO,,45,INY,0.25,1.25,0,ACTIVO
7656,SOLUCIÓN PARA DIÁLISIS PERITONEAL AUTOMATIZADA 1.5% DE GLUCOSA,GENERICO,,45,TAB,0.25,1.25,0,ACTIVO
7657,SOLUCIÓN PARA DIÁLISIS PERITONEAL CON SISTEMA DE DESCONEXIÓN CON DOBLE BOLSA 1.5% DE GLUCOSA,GENERICO,,45,TAB,0.25,1.25,0,ACTIVO
7658,SOLUCIÓN PARA DIÁLISIS PERITONEAL AUTOMATIZADA 2.5% DE GLUCOSA,GENERICO,,45,TAB,0.25,1.25,0,ACTIVO
7659,SOLUCIÓN PARA DIÁLISIS PERITONEAL CON SISTEMA DE DESCONEXIÓN CON DOBLE BOLSA 2.5% DE GLUCOSA,GENERICO,,45,TAB,0.25,1.25,0,ACTIVO
7660,SOLUCIÓN PARA DIÁLISIS PERITONEAL AUTOMATIZADA 4.25% DE GLUCOSA,GENERICO,,45,TAB,0.25,1.25,0,ACTIVO
7661,SOLUCIÓN PARA DIÁLISIS PERITONEAL CON SISTEMA DE DESCONEXIÓN CON DOBLE BOLSA 4.25% DE GLUCOSA,GENERICO,,45,INY,0.25,1.25,0,ACTIVO
7662,23.2 MEDICAMENTOS PARA EL TRATAMIENTO DE HIPERFOSFATEMIA ,GENERICO,,45,TAB,0.25,1.25,0,ACTIVO
7663,CALCIO CARBONATO 1.25G (EQUIV 500MG CA),GENERICO,,45,TAB,0.25,1.25,0,ACTIVO
7664,SEVELAMERO CLORHIDRATO O CARBONATO 800MG,GENERICO,,45,TAB,0.25,1.25,0,ACTIVO
7665,24. MEDICAMENTOS PSICOTERAPÉUTICOS ,GENERICO,,45,TAB,0.25,1.25,0,ACTIVO
7666,24.1 MEDICAMENTOS UTILIZADOS EN LOS TRASTORNOS PSICÓTICOS ,GENERICO,,45,TAB,0.25,1.25,0,ACTIVO
7667,CLORPROMAZINA CLORHIDRATO 100MG,GENERICO,,45,TAB,0.25,1.25,0,ACTIVO
7668,CLORPROMAZINA CLORHIDRATO 25MG/ML,GENERICO,,45,INY,0.25,1.25,0,ACTIVO
7669,CLOZAPINA 100MG,GENERICO,,45,INY,0.25,1.25,0,ACTIVO
7670,CLOZAPINA 25MG,GENERICO,,45,INY,0.25,1.25,0,ACTIVO
7671,FLUFENAZINA DECANOATO O ENANTATO 25MG/ML,GENERICO,,45,TAB,0.25,1.25,0,ACTIVO
7672,HALOPERIDOL 5MG,GENERICO,,45,TAB,0.25,1.25,0,ACTIVO
7673,HALOPERIDOL 10MG,GENERICO,,45,TAB LIB MODIF,0.25,1.25,0,ACTIVO
7674,HALOPERIDOL 2MG/ML,GENERICO,,45,TAB LIB MODIF,0.25,1.25,0,ACTIVO
7675,HALOPERIDOL 5MG/ML,GENERICO,,45,TAB,0.25,1.25,0,ACTIVO
7676,HALOPERIDOL (COMO DECANOATO) 50MG/ML,GENERICO,,45,LIQ INH,0.25,1.25,0,ACTIVO
7677,PERICIAZINA 40MG/ML (1MG/GOTA),GENERICO,,45,LIQ INH,0.25,1.25,0,ACTIVO
7678,PERICIAZINA 10MG,GENERICO,,45,INY,0.25,1.25,0,ACTIVO
7679,RISPERIDONA 2MG,GENERICO,,45,GAS,0.25,1.25,0,ACTIVO
7680,SULPIRIDA 200MG,GENERICO,,45,GAS,0.25,1.25,0,ACTIVO
7681,TIORIDAZINA CLORHIDRATO 100MG,GENERICO,,45,INY,0.25,1.25,0,ACTIVO
7682,TRIFLUOPERAZINA (COMO CLORHIDRATO) 5MG,GENERICO,,45,LIQ INH,0.25,1.25,0,ACTIVO
7683,24.2 MEDICAMENTOS UTILIZADOS EN TRASTORNOS AFECTIVOS ,GENERICO,,45,INY,0.25,1.25,0,ACTIVO
7684,24.2.1 MEDICAMENTOS UTILIZADOS EN TRASTORNOS DEPRESIVOS ,GENERICO,,45,INY,0.25,1.25,0,ACTIVO
7685,AMITRIPTILINA CLORHIDRATO 25MG,GENERICO,,45,INY,0.25,1.25,0,ACTIVO
7686,FLUOXETINA (COMO CLORHIDRATO) 20MG,GENERICO,,45,INY,0.25,1.25,0,ACTIVO
7687,MIRTAZAPINA 30MG,GENERICO,,45,INY,0.25,1.25,0,ACTIVO
7688,SERTRALINA (COMO CLORHIDRATO) 50MG,GENERICO,,45,INY,0.25,1.25,0,ACTIVO
7689,24.2.2 MEDICAMENTOS UTILIZADOS EN TRASTORNOS BIPOLARES ,GENERICO,,45,GEL TOP/JAL TOP,0.25,1.25,0,ACTIVO
7690,CARBAMAZEPINA 200MG,GENERICO,,45,INY,0.25,1.25,0,ACTIVO
7691,LITIO CARBONATO 300MG,GENERICO,,45,INY,0.25,1.25,0,ACTIVO
7692,VALPROATO SÓDICO 500MG,GENERICO,,45,INY,0.25,1.25,0,ACTIVO
7693,24.3 MEDICAMENTOS UTILIZADOS EN LA ANSIEDAD GENERALIZADA Y LOS TRASTORNOS DEL SUEÑO ,GENERICO,,45,INY,0.25,1.25,0,ACTIVO
7694,ALPRAZOLAM 500MCG (0.5MG),GENERICO,,45,INY,0.25,1.25,0,ACTIVO
7695,CLONAZEPAM 2MG,GENERICO,,45,AER TOP,0.25,1.25,0,ACTIVO
7696,CLOBAZAM 10MG,GENERICO,,45,INY,0.25,1.25,0,ACTIVO
7697,DIAZEPAM 5MG/ML,GENERICO,,45,INY,0.25,1.25,0,ACTIVO
7698,DIAZEPAM 5MG,GENERICO,,45,INY,0.25,1.25,0,ACTIVO
7699,DIAZEPAM 10MG,GENERICO,,45,TAB,0.25,1.25,0,ACTIVO
7700,LEVOMEPROMAZINA (COMO MALEATO) 100MG,GENERICO,,45,TAB,0.25,1.25,0,ACTIVO
7701,LEVOMEPROMAZINA (COMO MALEATO) 25MG,GENERICO,,45,INY,0.25,1.25,0,ACTIVO
7702,ZOLPIDEM TARTRATO 10MG,GENERICO,,45,INY,0.25,1.25,0,ACTIVO
7703,24.4 MEDICAMENTOS UTILIZADOS EN TRASTORNOS OBSESIVO COMPULSIVOS Y ATAQUES DE PÁNICO ,GENERICO,,45,INY,0.25,1.25,0,ACTIVO
7704,CLOMIPRAMINA CLORHIDRATO 25MG,GENERICO,,45,INY,0.25,1.25,0,ACTIVO
7705,24.5 MEDICAMENTOS UTILIZADOS EN PROGRAMAS DE DEPENDENCIA ,GENERICO,,45,TAB,0.25,1.25,0,ACTIVO
7706,DISULFIRAM 500MG,GENERICO,,45,INY,0.25,1.25,0,ACTIVO
7707,24.6 MEDICAMENTOS UTILIZADOS EN TRASTORNOS DE HIPERACTIVIDAD ,GENERICO,,45,LIQ ORAL,0.25,1.25,0,ACTIVO
7708,METILFENIDATO CLORHIDRATO 10MG,GENERICO,,45,TAB,0.25,1.25,0,ACTIVO
7709,METILFENIDATO CLORHIDRATO 20MG,GENERICO,,45,TAB,0.25,1.25,0,ACTIVO
7710,25. MEDICAMENTOS QUE ACTÚAN EN LAS VÍAS RESPIRATORIAS ,GENERICO,,45,INY,0.25,1.25,0,ACTIVO
7711,25.1 ANTIASMÁTICOS Y MEDICAMENTOS UTILIZADOS EN LA NEUMOPATÍA OBSTRUCTIVA CRÓNICA ,GENERICO,,45,TAB,0.25,1.25,0,ACTIVO
7712,AMINOFILINA 25MG/ML,GENERICO,,45,TAB,0.25,1.25,0,ACTIVO
7713,BECLOMETASONA DIPROPIONATO 250MCG/DOSIS,GENERICO,,45,LIQ ORAL,0.25,1.25,0,ACTIVO
7714,BECLOMETASONA DIPROPIONATO 50MCG/DOSIS,GENERICO,,45,LIQ ORAL,0.25,1.25,0,ACTIVO
7715,BUDESONIDA 100MCG/DOSIS,GENERICO,,45,SUP,0.25,1.25,0,ACTIVO
7716,BUDESONIDA 200MCG/DOSIS,GENERICO,,45,TAB,0.25,1.25,0,ACTIVO
7717,EPINEFRINA (COMO CLORHIDRATO O TARTRATO ÁCIDO) 1MG/ML,GENERICO,,45,PARCHE TRANS,0.25,1.25,0,ACTIVO
7718,FLUTICASONA PROPIONATO + SALMETEROL (COMO XINAFOATO) 250MCG + 25MCG/DOSIS,GENERICO,,45,LIQ ORAL,0.25,1.25,0,ACTIVO
7719,FLUTICASONA PROPIONATO + SALMETEROL (COMO XINAFOATO) 125MCG + 25MCG/DOSIS,GENERICO,,45,TAB,0.25,1.25,0,ACTIVO
7720,IPRATROPIO BROMURO 20MCG/DOSIS,GENERICO,,45,INY,0.25,1.25,0,ACTIVO
7721,SALBUTAMOL (COMO SULFATO) 100MCG/DOSIS,GENERICO,,45,TAB,0.25,1.25,0,ACTIVO
7722,SALBUTAMOL (COMO SULFATO) 5MG/ML,GENERICO,,45,TAB,0.25,1.25,0,ACTIVO
7723,TEOFILINA 125MG,GENERICO,,45,INY,0.25,1.25,0,ACTIVO
7724,TEOFILINA 250MG,GENERICO,,45,INY,0.25,1.25,0,ACTIVO
7725,25.2 OTROS MEDICAMENTOS QUE ACTÚAN EN LAS VÍAS RESPIRATORIAS ,GENERICO,,45,LIQ ORAL,0.25,1.25,0,ACTIVO
7726,DEXTROMETORFANO BROMHIDRATO 15MG/5ML,GENERICO,,45,TAB,0.25,1.25,0,ACTIVO
7727,SURFACTANTE PULMONAR ,GENERICO,,45,TAB,0.25,1.25,0,ACTIVO
7728,26. SOLUCIONES CORRECTORAS DE TRASTORNOS HIDROELECTROLÍTICOS Y DEL EQUILIBRIO ÁCIDO BÁSICO ,GENERICO,,45,TAB LIB MODIF,0.25,1.25,0,ACTIVO
7729,26.1 ORALES ,GENERICO,,45,TAB,0.25,1.25,0,ACTIVO
7730,SALES DE REHIDRATACIÓN ORAL 20.5G/L,GENERICO,,45,TAB LIB MODIF,0.25,1.25,0,ACTIVO
7731,VER 6.1.3 COMPOSICIÓN ,GENERICO,,45,TAB LIB MODIF,0.25,1.25,0,ACTIVO
7732,26.2 PARENTERALES ,GENERICO,,45,INY,0.25,1.25,0,ACTIVO
7733,GLUCOSA EN AGUA 0.05,GENERICO,,45,LIQ ORAL,0.25,1.25,0,ACTIVO
7734,GLUCOSA EN AGUA 0.05,GENERICO,,45,INY,0.25,1.25,0,ACTIVO
7735,GLUCOSA EN AGUA 0.05,GENERICO,,45,TAB,0.25,1.25,0,ACTIVO
7736,GLUCOSA EN AGUA 0.05,GENERICO,,45,TAB,0.25,1.25,0,ACTIVO
7737,GLUCOSA EN AGUA 0.1,GENERICO,,45,INY,0.25,1.25,0,ACTIVO
7738,GLUCOSA EN AGUA 0.333,GENERICO,,45,LIQ ORAL,0.25,1.25,0,ACTIVO
7739,GLUCOSA EN AGUA 0.5,GENERICO,,45,TAB,0.25,1.25,0,ACTIVO
7740,GLUCOSA EN AGUA + SODIO CLORURO 5% + 0.9%,GENERICO,,45,INY,0.25,1.25,0,ACTIVO
7741,SOLUCIÓN POLIELECTROLÍTICA ,GENERICO,,45,TAB,0.25,1.25,0,ACTIVO
7742,VER 6.1.3 COMPOSICIÓN ,GENERICO,,45,TAB,0.25,1.25,0,ACTIVO
7743,POTASIO CLORURO 0.2,GENERICO,,45,INY,0.25,1.25,0,ACTIVO
7744,SOLUCIÓN RINGER LACTATO ,GENERICO,,45,TAB,0.25,1.25,0,ACTIVO
7745,VER 6.1.3 COMPOSICIÓN ,GENERICO,,45,INY,0.25,1.25,0,ACTIVO
7746,SODIO BICARBONATO 0.084,GENERICO,,45,LIQ ORAL,0.25,1.25,0,ACTIVO
7747,SODIO CLORURO 0.09,GENERICO,,45,TAB,0.25,1.25,0,ACTIVO
7748,SODIO CLORURO 0.09,GENERICO,,45,LIQ ORAL,0.25,1.25,0,ACTIVO
7749,SODIO CLORURO 0.09,GENERICO,,45,TAB,0.25,1.25,0,ACTIVO
7750,SODIO CLORURO 0.09,GENERICO,,45,INY,0.25,1.25,0,ACTIVO
7751,SODIO CLORURO 0.09,GENERICO,,45,LIQ ORAL,0.25,1.25,0,ACTIVO
7752,SODIO CLORURO 0.2,GENERICO,,45,TAB,0.25,1.25,0,ACTIVO
7753,26.3 DIVERSOS ,GENERICO,,45,INY,0.25,1.25,0,ACTIVO
7754,AGUA PARA INYECCIÓN ,GENERICO,,45,INY,0.25,1.25,0,ACTIVO
7755,AGUA PARA INYECCIÓN ,GENERICO,,45,INY,0.25,1.25,0,ACTIVO
7756,AGUA PARA INYECCIÓN ,GENERICO,,45,TAB,0.25,1.25,0,ACTIVO
7757,27. VITAMINAS Y MINERALES ,GENERICO,,45,TAB,0.25,1.25,0,ACTIVO
7758,ÁCIDO ASCÓRBICO 100MG,GENERICO,,45,LIQ ORAL,0.25,1.25,0,ACTIVO
7759,ÁCIDO FÓLICO 500MCG (0.5MG),GENERICO,,45,INY,0.25,1.25,0,ACTIVO
7760,CALCIO CARBONATO 1.25G (EQUIV 500MG CA),GENERICO,,45,LIQ ORAL,0.25,1.25,0,ACTIVO
7761,CALCIO GLUCONATO 10% (EQUIV 8.4MG/ML CA),GENERICO,,45,TAB,0.25,1.25,0,ACTIVO
7762,CALCITRIOL 1MCG/ML,GENERICO,,45,INY,0.25,1.25,0,ACTIVO
7763,CALCITRIOL 0.25MCG,GENERICO,,45,INY,0.25,1.25,0,ACTIVO
7764,ERGOCALCIFEROL 1.25MG (50 000UI),GENERICO,,45,INY,0.25,1.25,0,ACTIVO
7765,ERGOCALCIFEROL 250MCG/ML (10 000UI/ML),GENERICO,,45,TAB,0.25,1.25,0,ACTIVO
7766,HIDROXOCOBALAMINA 1MG/ML,GENERICO,,45,LIQ ORAL,0.25,1.25,0,ACTIVO
7767,NICOTINAMIDA 100MG,GENERICO,,45,INY,0.25,1.25,0,ACTIVO
7768,PIRIDOXINA CLORHIDRATO 25MG,GENERICO,,45,TAB,0.25,1.25,0,ACTIVO
7769,PIRIDOXINA CLORHIDRATO 50MG,GENERICO,,45,TAB,0.25,1.25,0,ACTIVO
7770,RETINOL (COMO PALMITATO) 50 000UI,GENERICO,,45,TAB,0.25,1.25,0,ACTIVO
7771,RETINOL (COMO PALMITATO) 100 000UI,GENERICO,,45,PLV,0.25,1.25,0,ACTIVO
7772,RETINOL (COMO PALMITATO) 200 000UI,GENERICO,,45,LIQ ORAL,0.25,1.25,0,ACTIVO
7773,TIAMINA CLORHIDRATO 100MG,GENERICO,,45,INY,0.25,1.25,0,ACTIVO
7774,TIAMINA CLORHIDRATO 100MG/ML,GENERICO,,45,LIQ ORAL,0.25,1.25,0,ACTIVO
7775,"28. MEDICAMENTOS PARA CONDICIONES EN OÍDO, NARIZ Y GARGANTA EN NIÑOS ",GENERICO,,45,LIQ INH,0.25,1.25,0,ACTIVO
7776,BUDESONIDA 100MCG/DOSIS,GENERICO,,45,INY,0.25,1.25,0,ACTIVO
7777,CIPROFLOXACINO (COMO CLORHIDRATO) 0.003,GENERICO,,45,INY,0.25,1.25,0,ACTIVO
7778,29. MEDICAMENTOS ESPECÍFICOS PARA CUIDADO NEONATAL ,GENERICO,,45,TAB,0.25,1.25,0,ACTIVO
7779,29.1 MEDICAMENTOS ADMINISTRADOS AL NEONATO ,GENERICO,,45,INY,0.25,1.25,0,ACTIVO
7780,ALPROSTADIL 500MCG,GENERICO,,45,INY,0.25,1.25,0,ACTIVO
7781,CAFEÍNA CITRATO 20MG/ML (EQUIV 10MG CAFEÍNA/ML),GENERICO,,45,INY,0.25,1.25,0,ACTIVO
7782,CAFEÍNA CITRATO 20MG/ML (EQUIV 10MG CAFEÍNA/ML),GENERICO,,45,INY,0.25,1.25,0,ACTIVO
7783,IBUPROFENO 5MG/ML,GENERICO,,45,INY,0.25,1.25,0,ACTIVO
7784,INDOMETACINA (COMO SAL SÓDICA) 1MG,GENERICO,,45,INY,0.25,1.25,0,ACTIVO
7785,30. MEDICAMENTOS PARA ENFERMEDADES ARTICULARES ,GENERICO,,45,INY,0.25,1.25,0,ACTIVO
7786,30.1 ANTIGOTOSOS ,GENERICO,,45,INY,0.25,1.25,0,ACTIVO
7787,ALOPURINOL 100MG,GENERICO,,45,INY,0.25,1.25,0,ACTIVO
7788,ALOPURINOL 300MG,GENERICO,,45,INY,0.25,1.25,0,ACTIVO
7789,COLCHICINA 500MCG (0.5MG),GENERICO,,45,TAB,0.25,1.25,0,ACTIVO
7790,30.2 ANTIRREUMÁTICOS MODIFICADORES DE LA ENFERMEDAD ,GENERICO,,45,INY,0.25,1.25,0,ACTIVO
7791,CLOROQUINA (COMO FOSFATO) 150MG,GENERICO,,45,INY,0.25,1.25,0,ACTIVO
7792,AZATIOPRINA 50MG,GENERICO,,45,TAB,0.25,1.25,0,ACTIVO
7793,AUROTIOMALATO SÓDICO 50MG/ML,GENERICO,,45,LIQ ORAL,0.25,1.25,0,ACTIVO
7794,HIDROXICLOROQUINA SULFATO 400MG (EQUIV 310MG HIDROXICLOROQUINA),GENERICO,,45,TAB,0.25,1.25,0,ACTIVO
7795,LEFLUNOMIDA 20MG,GENERICO,,45,TAB,0.25,1.25,0,ACTIVO
7796,METOTREXATO (COMO BASE O SAL SÓDICA) 2.5MG,GENERICO,,45,TAB,0.25,1.25,0,ACTIVO
7797,PENICILAMINA 250MG,GENERICO,,45,TAB,0.25,1.25,0,ACTIVO
7798,SULFASALAZINA 500MG,GENERICO,,45,LIQ ORAL,0.25,1.25,0,ACTIVO
7799,30.3 ARTRITIS JUVENIL ,GENERICO,,45,INY,0.25,1.25,0,ACTIVO
7800,ÁCIDO ACETILSALICÍLICO 500MG,GENERICO,,45,TAB,0.25,1.25,0,ACTIVO
7801,30.4 INMUNOSUPRESORES ,GENERICO,,45,TAB,0.25,1.25,0,ACTIVO
7802,ADALIMUMAB 40MG,GENERICO,,45,LIQ ORAL,0.25,1.25,0,ACTIVO
7803,INFLIXIMAB 100MG,GENERICO,,45,INY,0.25,1.25,0,ACTIVO
7804,31. MEDICAMENTOS ANTIVERTIGINOSOS ,GENERICO,,45,INY,0.25,1.25,0,ACTIVO
7805,DIMENHIDRINATO 10MG/ML,GENERICO,,45,TAB,0.25,1.25,0,ACTIVO
7806,DIMENHIDRINATO 50MG,GENERICO,,45,LIQ ORAL,0.25,1.25,0,ACTIVO
7807,32. UROLÓGICOS ,GENERICO,,45,TAB,0.25,1.25,0,ACTIVO
7808,32.1 UROLÓGICOS ,GENERICO,,45,LIQ ORAL,0.25,1.25,0,ACTIVO
7809,OXIBUTININA CLORHIDRATO 5MG,GENERICO,,45,INY,0.25,1.25,0,ACTIVO
7810,POTASIO CITRATO 1080MG,GENERICO,,45,INY,0.25,1.25,0,ACTIVO
7811,32.2 MEDICAMENTOS UTILIZADOS EN HIPERTROFIA BENIGNA DE PRÓSTATA ,GENERICO,,45,TAB,0.25,1.25,0,ACTIVO
7812,TAMSULOSINA CLORHIDRATO 400MCG (0.4MG),GENERICO,,45,INY,0.25,1.25,0,ACTIVO
7813,FINASTERIDA 5MG,GENERICO,,45,LIQ ORAL,0.25,1.25,0,ACTIVO